,car,manufacturer,model
0,기아 K5,기아,K5
1,쉐보레/한국GM 트레일블레이저,쉐보레/한국GM,트레일블레이저
2,현대 투싼,현대,투싼
3,현대 싼타페 DM,현대,싼타페
4,제네시스 GV80,제네시스,GV80
5,현대 쏘나타 LF,현대,쏘나타
6,기아 K7,기아,K7
7,기아 카렌스,기아,카렌스
8,기아 스토닉,기아,스토닉
9,현대 싼타페 TM,현대,싼타페
10,현대 그랜저 IG,현대,그랜저
11,현대 그랜저,현대,그랜저
12,기아 쏘렌토,기아,쏘렌토
13,기아 셀토스,기아,셀토스
14,쉐보레/한국GM 트랙스,쉐보레/한국GM,트랙스
15,랜드로버 디스커버리 스포츠,랜드로버,디스커버리 스포츠
16,현대 넥쏘,현대,넥쏘
17,기아 레이,기아,레이
18,현대 싼타페,현대,싼타페
19,현대 아반떼,현대,아반떼
20,아우디 A3,아우디,A3
21,현대 스타렉스,현대,스타렉스
22,현대 코나,현대,코나
23,현대 팰리세이드,현대,팰리세이드
24,제네시스 G80,제네시스,G80
25,현대 팰리세이드 LX2,현대,팰리세이드
26,현대 쏘나타 NF,현대,쏘나타
27,쌍용 티볼리,쌍용,티볼리
28,르노삼성 SM6,르노삼성,SM6
29,기아 카니발,기아,카니발
30,기아 니로,기아,니로
31,기아 스포티지,기아,스포티지
32,쉐보레/한국GM 스파크,쉐보레/한국GM,스파크
33,현대 아반떼 AD,현대,아반떼
34,현대 그랜저 HG,현대,그랜저
35,벤츠 C-클래스,메르세데스-벤츠,C-클래스
36,BMW 5 시리즈 GT,BMW,5 시리즈 GT
37,현대 싼타페 CM,현대,싼타페
38,아우디 A6,아우디,A6
39,현대 아반떼 MD,현대,아반떼
40,기아 모하비 HM,기아,모하비
41,현대 그랜저 TG,현대,그랜저
42,기아 K3,기아,K3
43,벤츠 S-클래스,메르세데스-벤츠,S-클래스
44,현대 쏘나타,현대,쏘나타
45,르노삼성 QM3,르노삼성,QM3
46,토요타 RAV4,토요타,RAV4
47,볼보 XC40,볼보,XC40
48,현대 아슬란 AG,현대,아슬란
49,쌍용 렉스턴 스포츠,쌍용,렉스턴 스포츠
50,르노 마스터 밴,르노,마스터
51,제네시스 G90 HI,제네시스,G90
52,벤츠 E-클래스,메르세데스-벤츠,E-클래스
53,르노삼성 QM6,르노삼성,QM6
54,지프 체로키,지프,체로키
55,벤츠 GLE-클래스,메르세데스-벤츠,GLE-클래스
56,현대 베뉴,현대,베뉴
57,제네시스 G70,제네시스,G70
58,현대 쏘나타 YF,현대,쏘나타
59,르노삼성 뉴 QM3,르노삼성,QM3
60,쌍용 렉스턴,쌍용,렉스턴
61,기아 모닝,기아,모닝
62,토요타 캠리,토요타,캠리
63,폭스바겐 CC,폭스바겐,CC
64,현대 아반떼 HD,현대,아반떼
65,벤츠 GLS-클래스,메르세데스-벤츠,GLS-클래스
66,아우디 A4,아우디,A4
67,쌍용 코란도 스포츠,쌍용,코란도 스포츠
68,쌍용 코란도,쌍용,코란도
69,르노삼성 XM3,르노삼성,XM3
70,아우디 Q8,아우디,Q8
71,르노삼성 SM7,르노삼성,SM7
72,현대 제네시스 DH,현대,제네시스
73,벤츠 CLS-클래스,메르세데스-벤츠,CLS-클래스
74,랜드로버 디스커버리,랜드로버,디스커버리
75,기아 오피러스,기아,오피러스
76,벤츠 GT-클래스,메르세데스-벤츠,GT-클래스
77,르노삼성 SM5,르노삼성,SM5
78,현대 제네시스 BH,현대,제네시스
79,현대 싼타페TM,현대,싼타페
80,쉐보레 트레일블레이저,쉐보레,트레일블레이저
81,기아 K9,기아,K9
82,현대 제네시스,현대,제네시스
83,현대 그랜저IG,현대,그랜저
84,벤츠 GLC-클래스,메르세데스-벤츠,GLC-클래스
85,기아 더뉴카니발,기아,카니발
86,현대 벨로스터JS,현대,벨로스터
87,현대 i30,현대,i30
88,쌍용 렉스턴스포츠,쌍용,렉스턴 스포츠
89,제네시스 G90,제네시스,G90
90,쉐보레 스파크,쉐보레,스파크
91,쉐보레 이쿼녹스,쉐보레,이쿼녹스
92,제네시스 G70 IK,제네시스,G70
93,쉐보레 콜로라도,쉐보레,콜로라도
94,제네시스 G80 DH,제네시스,G80
95,기아 모하비,기아,모하비
96,볼보 S60,볼보,S60
97,벤츠 SLK-클래스,메르세데스-벤츠,SLK-클래스
98,혼다 인사이트,혼다,인사이트
99,현대 벨로스터,현대,벨로스터
100,아우디 Q7,아우디,Q7
101,현대 아반떼HD,현대,아반떼
102,현대 엑센트,현대,엑센트
103,기아 쏘렌토R,기아,쏘렌토
104,랜드로버 디스커버리스포츠,랜드로버,디스커버리 스포츠
105,쉐보레 트랙스,쉐보레,트랙스
106,쌍용 G4렉스턴,쌍용,렉스턴
107,제네시스EQ900,제네시스,EQ900
108,쉐보레 트래버스,쉐보레,트래버스
109,현대 그랜저HG,현대,그랜저
110,푸조208,푸조,208
111,볼보 XC60,볼보,XC60
112,기아 올뉴쏘렌토,기아,쏘렌토
113,랜드로버 레인지로버스포츠,랜드로버,레인지로버 스포츠
114,현대 엑센트 RB,현대,엑센트
115,현대 아반떼MD,현대,아반떼
116,캐딜락 XT6,캐딜락,XT6
117,현대 아이오닉,현대,아이오닉
118,포드 몬데오,포드,몬데오
119,쉐보레 말리부,쉐보레,말리부
120,BMWX5,BMW,X5
121,폭스바겐 티구안,폭스바겐,티구안
122,기아 스팅어,기아,스팅어
123,현대 NF쏘나타,현대,쏘나타
124,현대 스타렉스 TQ,현대,스타렉스
125,현대 아슬란,현대,아슬란
126,쉐보레/한국GM 볼트,쉐보레/한국GM,볼트
127,테슬라 모델 3,테슬라,모델 3
128,쉐보레/한국GM 콜로라도,쉐보레/한국GM,콜로라도
129,BMW X6,BMW,X6
130,볼보 XC90,볼보,XC90
131,현대 아반떼ad,현대,아반떼
132,랜드로버 디스커버리4,랜드로버,디스커버리
133,캐딜락 에스컬레이드,캐딜락,에스컬레이드
134,쉐보레/한국GM 트래버스,쉐보레/한국GM,트래버스
135,현대 i30 PD,현대,i30
136,기아 프라이드 JB,기아,프라이드
137,기아 뉴모닝,기아,모닝
138,캐딜락 CT6,캐딜락,CT6
139,기아 뉴스포티지 R,기아,스포티지
140,현대 에쿠스,현대,에쿠스
141,현대 쏘나타LF,현대,쏘나타
142,기아 포르테,기아,포르테
143,벤츠 CLA-클래스,메르세데스-벤츠,CLA-클래스
144,기아 스포티지QL,기아,스포티지
145,기아 뉴프라이드,기아,프라이드
146,볼보 S90,볼보,S90
147,현대 벨로스터 FS,현대,벨로스터
148,기아 로체,기아,로체
149,현대 클릭,현대,클릭
150,기아 스포티지R,기아,스포티지
151,쉐보레/한국GM 크루즈,쉐보레/한국GM,크루즈
152,르노삼성 클리오,르노삼성,클리오
153,벤츠 GLE-클래스 W166,메르세데스-벤츠,GLE-클래스
154,볼보 V90,볼보,V90
155,랜드로버 레인지로버,랜드로버,레인지로버
156,기아 스토닉 YB,기아,스토닉
157,제네시스G80,제네시스,G80
158,기아 뉴쏘렌토R,기아,쏘렌토
159,BMW 3 시리즈,BMW,3 시리즈
160,테슬라 모델 S,테슬라,모델 S
161,기아 포르테 TD,기아,포르테
162,포드 머스탱,포드,머스탱
163,르노삼성 SM3,르노삼성,SM3
164,현대 아반떼XD,현대,아반떼
165,제네시스G90,제네시스,G90
166,포르쉐 마칸,포르쉐,마칸
167,르노 마스터,르노,마스터
168,쉐보레 올란도,쉐보레,올란도
169,쉐보레 임팔라,쉐보레,임팔라
170,쌍용 티볼리아머,쌍용,티볼리
171,폭스바겐 골프,폭스바겐,골프
172,현대 베라크루즈 EN,현대,베라크루즈
173,현대 LF쏘나타,현대,쏘나타
174,벤츠 A-클래스,메르세데스-벤츠,A-클래스
175,제네시스 EQ900,제네시스,EQ900
176,르노삼성 마스터 벤,르노삼성,마스터
177,폭스바겐 파사트,폭스바겐,파사트
178,기아 프라이드 UB,기아,프라이드
179,볼보 V60,볼보,V60
180,볼보V60,볼보,V60
181,혼다 CR-V,혼다,CR-V
182,쉐보레 캡티바,쉐보레,캡티바
183,쉐보레/한국GM 말리부,쉐보레/한국GM,말리부
184,렉서스 ES,렉서스,ES
185,링컨 노틸러스,링컨,노틸러스
186,르노 마스터S,르노,마스터
187,벤츠 마이바흐,메르세데스-벤츠,마이바흐
188,현대 벨로스터 JS,현대,벨로스터
189,BMWX3,BMW,X3
190,랜드로버 레인지로버 보그,랜드로버,레인지로버 보그
191,허머 H1,허머,H1
192,기아 올뉴스포티지,기아,스포티지
193,렉서스 LS,렉서스,LS
194,닛산 알티마,닛산,알티마
195,현대 더뉴그랜저,현대,그랜저
196,현대 베라크루즈,현대,베라크루즈
197,혼다 어코드,혼다,어코드
198,BMW 5 시리즈,BMW,5 시리즈
199,캐딜락 XT5,캐딜락,XT5
200,크라이슬러 300C,크라이슬러,300C
201,현대 EF쏘나타,현대,쏘나타
202,렉서스UX,렉서스,UX
203,포드 익스플로러,포드,익스플로러
204,마세라티 기블리,마세라티,기블리
205,기아 뉴오피러스,기아,오피러스
206,현대 i40,현대,i40
207,미니쿠퍼,미니,쿠퍼
208,폭스바겐 페이톤,폭스바겐,페이톤
209,BMW X5,BMW,X5
210,쉐보레/한국GM 이쿼녹스,쉐보레/한국GM,이쿼녹스
211,아우디 A8,아우디,A8
212,쉐보레/한국GM 알페온,쉐보레/한국GM,알페온
213,기아 프라이드,기아,프라이드
214,르노삼성 마스터,르노삼성,마스터
215,현대 그랜저 XG,현대,그랜저
216,기아 뉴카렌스,기아,카렌스
217,재규어 X타입,재규어,X타입
218,제네시스 GV70,제네시스,GV70
219,기아 K3 GT,기아,K3 GT
220,포르쉐 카이맨 S,포르쉐,카이맨
221,푸조 2008,푸조,2008
222,벤츠 GLA-클래스,메르세데스-벤츠,GLA-클래스
223,BMW 1 시리즈,BMW,1 시리즈
224,제네시스G70,제네시스,G70
225,BMW5시리즈,BMW,5 시리즈
226,제네시스 EQ900 HI,제네시스,EQ900
227,혼다 파일럿,혼다,파일럿
228,미니 컨트리맨,미니,컨트리맨
229,현대 싼타페 SM,현대,싼타페
230,혼다 시빅,혼다,시빅
231,재규어XF,재규어,XF
232,벤츠 B-클래스,메르세데스-벤츠,B-클래스
233,토요타 프리우스C,토요타,프리우스
234,기아 카렌스2,기아,카렌스
235,링컨 컨티넨탈,링컨,컨티넨탈
236,캐딜락 CTS,캐딜락,CTS
237,쉐보레/한국GM 올란도,쉐보레/한국GM,올란도
238,BMW 2 시리즈,BMW,2 시리즈
239,현대 i40 VF,현대,i40
240,쉐보레/한국GM 아베오,쉐보레/한국GM,아베오
241,쉐보레/한국GM 윈스톰,쉐보레/한국GM,윈스톰
242,쉐보레/한국GM 마티즈,쉐보레/한국GM,마티즈
243,쌍용 티볼리에어,쌍용,티볼리
244,혼다 오딧세이,혼다,오딧세이
245,기아 스팅어 CK,기아,스팅어
246,BMW X3,BMW,X3
247,벤츠 CLS-클래스 C257,메르세데스-벤츠,CLS-클래스
248,링컨 MKZ,링컨,MKZ
249,르노삼성 트위지,르노삼성,트위지
250,볼보 S80,볼보,S80
251,현대 스타렉스 A1,현대,스타렉스
252,벤츠 M-클래스,메르세데스-벤츠,M-클래스
253,볼보 V40,볼보,V40
254,현대 아반떼 XD,현대,아반떼
255,쌍용 로디우스,쌍용,로디우스
256,폭스바겐CC,폭스바겐,CC
257,쉐보레 카마로,쉐보레,카마로
258,기아 쏘울,기아,쏘울
259,기아 쎄라토 LD,기아,쎄라토
260,푸조 3008,푸조,3008
261,닷지 그랜드 캐러밴,닷지,그랜드 캐러밴
262,닛산 370Z,닛산,370Z
263,비이스만 로드스터,비이스만,로드스터
264,볼보 C70,볼보,C70
265,폭스바겐 아테온,폭스바겐,아테온
266,링컨 MKC,링컨,MKC
267,다이하쓰 미라,다이하쓰,미라
268,쌍용 액티언 스포츠,쌍용,액티언 스포츠
269,지프 랭글러,지프,랭글러
270,현대 맥스크루즈,현대,맥스크루즈
271,기아 쏘렌토 BL,기아,쏘렌토
272,링컨MKS,링컨,MKS
273,닛산 350Z,닛산,350Z
274,BMWX1,BMW,X1
275,토요타 프리우스,토요타,프리우스
276,벤츠 GLK-클래스,메르세데스-벤츠,GLK-클래스
277,푸조 308SW,푸조,308SW
278,현대 더 뉴 아이오닉,현대,아이오닉
279,BMW 6 시리즈 GT,BMW,6 시리즈 GT
280,아우디 A7,아우디,A7
281,BMW 4 시리즈,BMW,4 시리즈
282,포드 토러스,포드,토러스
283,BMW 7 시리즈,BMW,7 시리즈
284,닛산 큐브,닛산,큐브
285,쌍용 체어맨,쌍용,체어맨
286,기아 쎄라토,기아,쎄라토
287,현대 트라제XG,현대,트라제XG
288,혼다 CR-Z,혼다,CR-Z
289,벤츠 SL-클래스,메르세데스-벤츠,SL-클래스
290,닷지 챌린저,닷지,챌린저
291,닷지램픽업,닷지,램 픽업
292,푸조 508,푸조,508
293,현대 테라칸 HP,현대,테라칸
294,폭스바겐 폴로,폭스바겐,폴로
295,볼보 S40,볼보,S40
296,기아 오피러스 GH,기아,오피러스
297,푸조 207GT,푸조,207
298,BMW 6 시리즈,BMW,6 시리즈
299,현대 에쿠스 LZ,현대,에쿠스
300,현대 쏘나타 EF,현대,쏘나타
301,르노삼성 QM5,르노삼성,QM5
302,볼보 C30,볼보,C30
303,링컨MKZ,링컨,MKZ
304,푸조 207,푸조,207
305,재규어 XE,재규어,XE
306,BMWM5,BMW,M5
307,랜드로버 레인지로버 스포츠,랜드로버,레인지로버 스포츠
308,기아 포르테 쿱,기아,포르테 쿱
309,르노 클리오,르노,클리오
310,랜드로버 레인지로버 이보크,랜드로버,레인지로버 이보크
311,재규어 F페이스,재규어,F페이스
312,지프 레니게이드,지프,레니게이드
313,토요타프리우스C,토요타,프리우스
314,BMW 3 시리즈  GT,BMW,3 시리즈 GT
315,볼보 XC70,볼보,XC70
316,쌍용 액티언,쌍용,액티언
317,토요타 시에나,토요타,시에나
318,쌍용 코란도 투리스모,쌍용,코란도 투리스모
319,닛산패스파인더,닛산,패스파인더
320,미니컨트리맨,미니,컨트리맨
321,지프체로키,지프,체로키
322,지프랭글러,지프,랭글러
323,BMWZ3,BMW,Z3
324,현대 i30cw,현대,i30
325,BMW X2,BMW,X2
326,아우디 Q5,아우디,Q5
327,미니 쿠퍼,미니,쿠퍼
328,렉서스 UX,렉서스,UX
329,BMW X5 M,BMW,X5 M
330,포르쉐 카이엔,포르쉐,카이엔
331,BMW X4,BMW,X4
332,테슬라 모델 X,테슬라,모델 X
333,벤츠 GLC-클래스 X253,메르세데스-벤츠,GLC-클래스
334,미니 클럽맨,미니,클럽맨
335,벤츠 SLC-클래스 C231,메르세데스-벤츠,SLC-클래스
336,쉐보레/한국GM 블레이저,쉐보레/한국GM,블레이저
337,BMW X7,BMW,X7
338,벤츠 CLA-클래스 C117,메르세데스-벤츠,CLA-클래스
339,BMW Z4,BMW,Z4
340,랜드로버 디펜더,랜드로버,디펜더
341,링컨 에비에이터,링컨,에비에이터
342,BMW M3,BMW,M3
343,BMW X1,BMW,X1
344,포르쉐 911,포르쉐,911
345,벤츠 GLB-클래스,메르세데스-벤츠,GLB-클래스
346,BMW M4,BMW,M4
347,피아트 500,피아트,500
348,폭스바겐 투아렉,폭스바겐,투아렉
349,닛산 주크,닛산,주크
350,랜드로버 뉴 레인지로버 이보크,랜드로버,레인지로버 이보크
351,폭스바겐 제타,폭스바겐,제타
352,미니 쿠퍼 컨버터블,미니,쿠퍼 컨버터블
353,볼보 더 뉴 S90,볼보,S90
354,현대 투스카니,현대,투스카니
355,랜드로버 레인지로버 벨라,랜드로버,레인지로버 벨라
356,재규어 F타입,재규어,F타입
357,인피니티 G 시리즈,인피니티,G 시리즈
358,포드 F-시리즈,포드,F-시리즈
359,포드 5세대 익스플로러,포드,익스플로러
360,아우디 SQ,아우디,SQ
361,쉐보레/한국GM 임팔라,쉐보레/한국GM,임팔라
362,현대 맥스크루즈 NC,현대,맥스크루즈
363,링컨 코세어,링컨,코세어
364,미니 2열 쿠퍼,미니,2열 쿠퍼
365,르노삼성 캡처,르노삼성,캡처
366,인피니티 Q 시리즈,인피니티,Q 시리즈
367,아우디 A5,아우디,A5
368,벤츠 SLS AMG,메르세데스-벤츠,SLS AMG
369,렉서스 NX,렉서스,NX
370,람보르기니 우라칸,람보르기니,우라칸
371,BMW X6 M,BMW,X6 M
372,벤츠 CL-클래스 C216,메르세데스-벤츠,CL-클래스
373,재규어 XF,재규어,XF
374,포르쉐 카이맨,포르쉐,카이맨
375,벤츠 CLK-클래스,메르세데스-벤츠,CLK-클래스
376,푸조 뉴 508,푸조,508
377,BMW 8 시리즈,BMW,8 시리즈
378,아우디 Q3,아우디,Q3
379,벤츠 CLS-클래스 W218,메르세데스-벤츠,CLS-클래스
380,벤츠 GLB-클래스 X247,메르세데스-벤츠,GLB-클래스
381,렉서스 RX,렉서스,RX
382,벤츠 GLK-클래스 X204,메르세데스-벤츠,GLK-클래스
383,람보르기니 우르스,람보르기니,우르스
384,애스턴마틴 DBX,애스턴마틴,DBX
385,롤스로이스 고스트,롤스로이스,고스트
386,BMW M6,BMW,M6
387,포르쉐 파나메라,포르쉐,파나메라
388,벤츠 G-클래스,메르세데스-벤츠,G-클래스
389,포르쉐 718,포르쉐,718
390,롤스로이스 컬리넌,롤스로이스,컬리넌
391,맥라렌 GT,맥라렌,GT
392,캐딜락 SRX,캐딜락,SRX
393,캐딜락 CTS 쿠페,캐딜락,CTS 쿠페
394,기아 텔루라이드,기아,텔루라이드
395,현대 i30 GD,현대,i30
396,토요타 아발론,토요타,아발론
397,볼보XC40,볼보,XC40
398,BMW M5,BMW,M5
399,토요타 도요타86,토요타,도요타86
400,르노삼성 마스터 버스,르노삼성,마스터
401,현대 아반떼 J2,현대,아반떼
402,재규어 XJ,재규어,XJ
403,인피니티 QX,인피니티,QX
404,맥라렌 570S,맥라렌,570S
405,BMW X4 M,BMW,X4 M
406,아우디 S6,아우디,S6
407,아우디 TT,아우디,TT
408,마세라티 콰트로포르테,마세라티,콰트로포르테
409,페라리 812 슈퍼패스트,페라리,812 슈퍼패스트
410,아우디 S7,아우디,S7
411,벤츠 SL-클래스 R230,메르세데스-벤츠,SL-클래스
412,현대 제네시스 쿠페 BK,현대,제네시스 쿠페
413,재규어 E페이스,재규어,E페이스
414,푸조 308,푸조,308
415,벤츠 SL-클래스 R231,메르세데스-벤츠,SL-클래스
416,렉서스 IS,렉서스,IS
417,람보르기니 가야드로,람보르기니,가야드로
418,아우디 E-tron,아우디,E-tron
419,미쓰비시 아웃랜더,미쓰비시,아웃랜더
420,푸조 5008,푸조,5008
421,인피니티 M 시리즈,인피니티,M 시리즈
422,벤츠 EQC-클래스,메르세데스-벤츠,EQC-클래스
423,현대 i30 FD,현대,i30
424,마쯔다 RX,마쯔다,RX
425,BMW M1,BMW,M1
426,벤츠 GLA-클래스 X156,메르세데스-벤츠,GLA-클래스
427,벤츠 SLC-클래스,메르세데스-벤츠,SLC-클래스
428,피아트 500X,피아트,500X
429,쉐보레/한국GM 토스카,쉐보레/한국GM,토스카
430,링컨 MKX,링컨,MKX
431,아우디 S8,아우디,S8
432,스바루 아웃백,스바루,아웃백
433,포르쉐 박스터,포르쉐,박스터
434,닛산 X-TRAIL,닛산,X-TRAIL
435,렉서스 LX,렉서스,LX
436,벤츠 CLS-클래스 W219,메르세데스-벤츠,CLS-클래스
437,페라리 488,페라리,488
438,현대 제네시스 쿠페,현대,제네시스 쿠페
439,벤츠 스프린터,메르세데스-벤츠,스프린터
440,벤츠 EQC-클래스 N293,메르세데스-벤츠,EQC-클래스
441,시트로엥 C4 칵투스,시트로엥,C4 칵투스
442,렉서스 CT,렉서스,CT
443,닛산 맥시마,닛산,맥시마
444,벤츠 GL-클래스,메르세데스-벤츠,GL-클래스
445,현대 갤로퍼,현대,갤로퍼
446,아우디 RS7,아우디,RS7
447,지프 루비콘,지프,루비콘
448,토요타 수프라,토요타,수프라
449,현대 다이너스티,현대,다이너스티
450,시트로엥 DS3,시트로엥,DS3
451,혼다 레전드,혼다,레전드
452,BMW M8,BMW,M8
453,랜드로버 프리랜더,랜드로버,프리랜더
454,랜드로버 레인지로버 이보크 L538,랜드로버,레인지로버 이보크
455,BMW i8,BMW,i8
456,렉서스 SC,렉서스,SC
457,토요타 툰드라,토요타,툰드라
458,링컨 LS,링컨,LS
459,쉐보레/한국GM 카마로,쉐보레/한국GM,카마로
460,닛산 캐시카이,닛산,캐시카이
461,렉서스 GS,렉서스,GS
462,링컨 네비게이터,링컨,네비게이터
463,쉐보레/한국GM 라세티,쉐보레/한국GM,라세티
464,현대 쏠라티 EU,현대,쏠라티
465,BMW i3,BMW,i3
466,닛산 리프,닛산,리프
467,마세라티 르반떼,마세라티,르반떼
468,벤츠 CL-클래스,메르세데스-벤츠,CL-클래스
469,포르쉐파나메라4S,포르쉐,파나메라
470,아우디 R8,아우디,R8
471,푸조 208,푸조,208
472,시트로엥 C4 피카소,시트로엥,C4 피카소
473,현대 쏠라티,현대,쏠라티
474,푸조 307,푸조,307
475,렉서스 LC,렉서스,LC
476,시트로엥 DS7,시트로엥,DS7
477,페라리 포르토피노,페라리,포르토피노
478,비이스만 GT,비이스만,GT
479,닷지 램 픽업,닷지,램 픽업
480,쌍용 카이런,쌍용,카이런
481,닛산 패스파인더,닛산,패스파인더
482,롤스로이스 레이스,롤스로이스,레이스
483,닷지 니트로,닷지,니트로
484,기아 프라이드 Y,기아,프라이드
485,아큐라 MDX,아큐라,MDX
486,오스틴 FX,오스틴,FX
487,닛산 GTR,닛산,GTR
488,링컨 MKS,링컨,MKS
489,토요타 알파드,토요타,알파드
490,현대 라비타,현대,라비타
491,렉서스 RC,렉서스,RC
492,아우디A6,아우디,A6
493,포르쉐 카레라GT,포르쉐,카레라GT
494,아우디 S4,아우디,S4
495,람보르기니 디아블로,람보르기니,디아블로
496,벤틀리 컨티넨탈 GT,벤틀리,컨티넨탈 GT
497,벤츠 E-클래스 쿠페,메르세데스-벤츠,E-클래스
498,쉐보레/한국GM 콜벳,쉐보레/한국GM,콜벳
499,지프 컴패스,지프,컴패스
500,르노삼성 더뉴 QM6,르노삼성,QM6
501,폭스바겐 비틀,폭스바겐,비틀
502,BMW M2,BMW,M2
503,쌍용 뉴 카이런,쌍용,카이런
504,벤틀리 벤테이가,벤틀리,벤테이가
505,현대 테라칸,현대,테라칸
506,쉐보레 콜벳,쉐보레,콜벳
507,재규어 XJS,재규어,XJS
508,르노삼성 르노 마스터,르노삼성,마스터
509,스바루 레거시,스바루,레거시
510,페라리 458,페라리,458
511,캐딜락 ATS,캐딜락,ATS
512,롤스로이스 던,롤스로이스,던
513,GMC 유콘,GMC,유콘
514,현대 그랜저 L,현대,그랜저
515,알파로메오 브레라,알파로메오,브레라
516,기아 엘란,기아,엘란
517,벤틀리 컨티넨탈 플라잉스퍼,벤틀리,컨티넨탈 플라잉스퍼
518,닛산 무라노,닛산,무라노
519,기아 K3 쿱,기아,K3 쿱
520,쌍용 무쏘 스포츠 FJ,쌍용,무쏘 스포츠
521,현대 트라제XG FO,현대,트라제XG
522,벤츠 GL-클래스 X166,메르세데스-벤츠,GL-클래스
523,포드 쿠가,포드,쿠가
524,푸조 306,푸조,306
525,링컨MKX,링컨,MKX
526,미니쿠퍼클럽맨,미니,클럽맨
527,BMWM3,BMW,M3
528,BMWZ4,BMW,Z4
529,볼보XC70,볼보,XC70
530,미니클럽맨,미니,클럽맨
531,혼다 S2000,혼다,S2000
532,피아트500C,피아트,500
533,BMW 5시리즈,BMW,5 시리즈
534,닛산 X-TRAIL T32,닛산,X-TRAIL
535,쉐보레 익스프레스밴,쉐보레,익스프레스밴
536,기아 옵티마,기아,옵티마
537,포드 이스케이프,포드,이스케이프
538,미니쿠퍼 ,미니,쿠퍼
539,재규어 XK,재규어,XK
540,닛산 알마다,닛산,알마다
541,기아 옵티마 MS,기아,옵티마
542,현대 베르나 MC,현대,베르나
543,동풍소콘 펜곤 ix5,동풍소콘,펜곤 ix5
544,쉐보레/한국GM 매그너스,쉐보레/한국GM,매그너스
545,푸조 407,푸조,407
546,허머 H2,허머,H2
547,쌍용 무쏘 스포츠,쌍용,무쏘 스포츠
548,피아트 124,피아트,124
549,크라이슬러 PT크루저,크라이슬러,PT크루저
550,스마트 포투,스마트,포투
551,현대 베르나,현대,베르나
552,쉐보레/한국GM 젠트라,쉐보레/한국GM,젠트라
553,쉐보레 체비밴,쉐보레,체비밴
554,쉐보레 실버라도 픽업,쉐보레,실버라도 픽업
555,스바루 임프레자,스바루,임프레자
556,미니쿠퍼 D,미니,쿠퍼
557,현대 투스카니 GK,현대,투스카니
558,쌍용 뉴 로디우스,쌍용,로디우스
559,허머 H3,허머,H3
560,재규어 S타입,재규어,S타입
561,혼다 HR-V,혼다,HR-V
562,스즈키 짐니,스즈키,짐니
563,다이하쓰 코펜,다이하쓰,코펜
564,재규어 XJ6,재규어,XJ6
565,벤츠 GLS-클래스 X166,메르세데스-벤츠,GLS-클래스
566,지프 사하라,지프,사하라
567,기아 봉고 버스 CT,기아,봉고버스
568,현대 그랜저 LX,현대,그랜저
569,페라리 F430,페라리,F430
570,닛산 로그,닛산,로그
571,캐딜락 DTS,캐딜락,DTS
572,BMW Z8,BMW,Z8
573,현대 그레이스,현대,그레이스
574,아큐라 RL,아큐라,RL
575,머큐리 마운티니어,머큐리,마운티니어
576,쌍용 무쏘,쌍용,무쏘
577,이스즈 V크로스,이스즈,V크로스
578,BMW Z4 M,BMW,Z4 M
579,르노삼성 더 뉴 QM6,르노삼성,QM6
580,기아 카렌스 RS,기아,카렌스
581,벤틀리 뮬산,벤틀리,뮬산
582,토요타 코롤라,토요타,코롤라
583,기아 올뉴카렌스,기아,카렌스
584,토요타 하이랜더,토요타,하이랜더
585,인피니티 FX,인피니티,FX
586,GMC 벤츄라,GMC,벤츄라
587,로터스 에보라,로터스,에보라
588,마쯔다 MX,마쯔다,MX
589,현대 티뷰론,현대,티뷰론
590,미니쿠퍼컨퍼터블,미니,쿠퍼 컨버터블
591,닷지 다코타,닷지,다코타
592,마세라티 그란투리스모,마세라티,그란투리스모
593,미쓰비시 RVR,미쓰비시,RVR
594,재규어 XKR,재규어,XKR
595,이스즈 뮤,이스즈,뮤
596,재규어 XJR,재규어,XJR
597,토요타 셀리카,토요타,셀리카
598,쌍용 로디우스 유로,쌍용,로디우스
599,닛산 마치,닛산,마치
600,인피니티 EX,인피니티,EX
601,볼보V50,볼보,V50
602,닷지다코타,닷지,다코타
603,닛산무라노,닛산,무라노
604,혼다 NSX,혼다,NSX
605,푸조 206RC,푸조,206
606,지프커맨더,지프,커맨더
607,현대 제네시스쿠페,현대,제네시스 쿠페
608,기아 4세대 카니발 KA4,기아,카니발
609,현대 ix 투싼 LM,현대,투싼
610,제네시스 GV80 JX1,제네시스,GV80
611,기아 어반 모닝 JA,기아,모닝
612,현대 F/L 싼타페 TM,현대,싼타페
613,쉐보레/한국GM 더뉴 스파크 M400,쉐보레,스파크
614,쌍용 더 뷰리풀 코란도 WD,쌍용,코란도
615,기아 셀토스 SP2,기아,셀토스
616,현대 4세대 투싼 NX4,현대,투싼
617,기아 더볼드 스포티지 QL,기아,스포티지
618,현대 더 뉴 코나 OS,현대,코나
619,기아 4세대 쏘렌토 MQ4,기아,쏘렌토
620,현대 더 뉴 HEV 그랜저 IG,현대,그랜저
621,기아 올뉴 K3 BD,기아,K3
622,쉐보레/한국GM 더 뉴 말리부 V400,쉐보레,말리부
623,기아 더뉴 레이 TAM,기아,레이
624,기아 올뉴 모닝 TA,기아,모닝
625,기아 R 쏘렌토 XM,기아,쏘렌토
626,쌍용 베리 뉴 티볼리 X110,쌍용,티볼리
627,기아 더 뉴 HEV 니로 DE,기아,니로
628,쌍용 에어 티볼리 X100,쌍용,티볼리
629,렉서스 UX 2021년형,렉서스,UX
630,현대 더뉴그랜드 스타렉스 TQ,현대,스타렉스
631,현대 더 뉴 N라인 코나 OS,현대,코나
632,쌍용 G4 렉스턴 Y400,쌍용,렉스턴
633,현대 넥쏘 FE,현대,넥쏘
634,르노삼성 더뉴 QM6 HZG,르노삼성,QM6
635,현대 4세대(출시예정) 투싼 NX4,현대,투싼
636,기아 프리미어 K7 YG,기아,K7
637,기아 EV 니로 DE,기아,니로
638,기아 뉴R 쏘렌토 XM,기아,쏘렌토
639,현대 코나 OS,현대,코나
640,기아 올뉴 쏘렌토 UM,기아,쏘렌토
641,기아 올뉴 카니발 YP,기아,카니발
642,기아 4세대 HEV 쏘렌토 MQ4,기아,쏘렌토
643,폭스바겐 티구안 2021년형,폭스바겐,티구안
644,기아 더 마스터 모하비 HM,기아,모하비
645,기아 마이스터 스팅어 CK,기아,스팅어
646,현대 신형 에쿠스 VI,현대,에쿠스
647,현대 더뉴 N 투싼 TL,현대,투싼
648,현대 EV 코나 OS,현대,코나
649,토요타 RAV4 2019년형,토요타,RAV4
650,쉐보레/한국GM 더뉴 트랙스 U200,쉐보레,트랙스
651,폭스바겐 티구안 2013년형,폭스바겐,티구안
652,현대 트랜스폼 쏘나타 NF,현대,쏘나타
653,현대 베뉴 QX1,현대,베뉴
654,쉐보레/한국GM 트랙스 U200,쉐보레,트랙스
655,토요타 RAV4 2020년형,토요타,RAV4
656,기아 더뉴 K5 TF,기아,K5
657,현대 더뉴 투싼 TL,현대,투싼
658,쌍용 뉴스타일C 코란도 C200,쌍용,코란도
659,렉서스 ES 2016년형,렉서스,ES
660,토요타 캠리 2020년형,토요타,캠리
661,기아 더뉴 카니발 YP,기아,카니발
662,기아 뉴 모닝 SA,기아,모닝
663,쌍용 티볼리 X100,쌍용,티볼리
664,쉐보레/한국GM 크루즈 J300,쉐보레,크루즈
665,기아 쏘울 AM,기아,쏘울
666,기아 더뉴 K7 VG,기아,K7
667,쌍용 뉴C 코란도 C200,쌍용,코란도
668,마세라티 콰트로포르테 2019년형,마세라티,콰트로포르테
669,기아 HEV 니로 DE,기아,니로
670,르노삼성 SM5 KPQ,르노삼성,SM5
671,토요타 캠리 2015년형,토요타,캠리
672,기아 R 스포티지 SL,기아,스포티지
673,현대 그랜저IG하이브리드,현대,그랜저
674,현대 더뉴그랜저(IG),현대,그랜저
675,기아 니로 하이브리드,기아,니로
676,기아 더뉴K5,기아,K5
677,현대 올뉴투싼TL,현대,투싼
678,기아 쏘렌토 mq4,기아,쏘렌토
679,기아 K7하이브리드,기아,K7
680,기아 모하비 더마스터,기아,모하비
681,쉐보레/한국GM 블레이저 1세대,쉐보레,블레이저
682,현대 더뉴 i30 GD,현대,i30
683,기아 올뉴모닝,기아,모닝
684,쉐보레 더넥스트스파크,쉐보레,스파크
685,기아 올뉴K7,기아,K7
686,쉐보레/한국GM 더넥스트 스파크 M400,쉐보레,스파크
687,현대 제네시스G330,현대,제네시스
688,현대 투싼IX,현대,투싼
689,쉐보레/한국GM 2세대 트래버스,쉐보레,트래버스
690,르노삼성 뉴 SM5 EX1/DF,르노삼성,SM5
691,기아 5세대 (출시예정) 스포티지 NQ5,기아,스포티지
692,현대 HEV 코나 OS,현대,코나
693,현대 뉴ix 투싼 LM,현대,투싼
694,기아 올뉴K3,기아,K3
695,현대 N 벨로스터 JS,현대,벨로스터
696,기아 더뉴레이,기아,레이
697,BMW M3 E46,BMW,M3
698,기아 THE K9,기아,K9
699,렉서스 ES300h,렉서스,ES
700,기아 더 뉴 니로 DE,기아,니로
701,렉서스 IS 250,렉서스,IS
702,기아 PHEV K5 JK,기아,K5
703,기아 더뉴 K5 JF,기아,K5
704,기아 올뉴 모닝 JA,기아,모닝
705,르노삼성 XM3 LJL,르노삼성,XM3
706,기아 더뉴R 스포티지 SL,기아,스포티지
707,기아 K3 Koup,기아,K3
708,토요타 캠리 2010년형,토요타,캠리
709,기아 K5 TF,기아,K5
710,현대 HEV 그랜저 HG,현대,그랜저
711,토요타 프리우스 2017년형,토요타,프리우스
712,기아 더뉴 모닝 TA,기아,모닝
713,현대 HEV 쏘나타 YF,현대,쏘나타
714,볼보 2세대 XC90 더 뉴,볼보,XC90
715,기아 HEV 포르테 TD,기아,포르테
716,볼보 2세대 S60,볼보,S60
717,기아 F/L (출시예정) K3 BD,기아,K3
718,기아 올뉴 HEV K7 YG,기아,K7
719,기아 올뉴 K7 YG,기아,K7
720,폭스바겐 골프 2013년형,폭스바겐,골프
721,현대 HEV 그랜저 IG,현대,그랜저
722,쉐보레/한국GM 말리부 V300,쉐보레,말리부
723,쌍용 W 렉스턴 Y200,쌍용,렉스턴
724,렉서스 ES 2017년형,렉서스,ES
725,기아 로체 MG,기아,로체
726,르노삼성 SM3 L38,르노삼성,SM3
727,렉서스 CT200h,렉서스,CT
728,현대 뉴 쏘나타 EF,현대,쏘나타
729,BMW X5 E70,BMW,X5
730,현대 더 뉴 HEV 아이오닉 AE,현대,아이오닉
731,기아 레이 TAM,기아,레이
732,기아 뉴 스포티지 KM,기아,스포티지
733,기아 프라이드(2012),기아,프라이드
734,기아 뉴 카렌스 UN,기아,카렌스
735,현대 아이오닉하이브리드,현대,아이오닉
736,기아 K5터보GDi,기아,K5
737,현대 더 뉴 PHEV 아이오닉 AE,현대,아이오닉
738,기아 K7 VG,기아,K7
739,기아 K3 YD,기아,K3
740,기아 더SUV 스포티지 QL,기아,스포티지
741,르노삼성 뉴F/L SM3 L38,르노삼성,SM3
742,쉐보레/한국GM 토스카 V250,GM대우,토스카
743,쉐보레/한국GM 프리미어 라세티 J300,GM대우,라세티
744,아우디 A6 C7,아우디,A6
745,기아 K9 KH,기아,K9
746,기아 뉴 오피러스 GH,기아,오피러스
747,기아 더마스터 쏘렌토 UM,기아,쏘렌토
748,기아 더뉴 하이리무진 카니발 YP,기아,카니발
749,현대 4세대(2020년상반기예정) 투싼 NX4,현대,투싼
750,르노삼성 SM6 LFD,르노삼성,SM6
751,폭스바겐 CC 2013년형,폭스바겐,CC
752,르노삼성 노바 SM7 L47,르노삼성,SM7
753,토요타 캠리 2019년형,토요타,캠리
754,현대 올뉴 투싼 TL,현대,투싼
755,토요타 시에나 2020년형,토요타,시에나
756,기아 더 뉴 모하비 HM,기아,모하비
757,르노삼성 뉴아트 SM7 EX2,르노삼성,SM7
758,쉐보레/한국GM 크리에이티브 마티즈 M300,GM대우,마티즈
759,토요타 캠리 2013년형,토요타,캠리
760,쌍용 렉스턴 Y200,쌍용,렉스턴
761,현대 더프라임 싼타페 DM,현대,싼타페
762,현대 더뉴 아반떼 MD,현대,아반떼
763,아우디 A4 B8,아우디,A4
764,렉서스 ES시리즈,렉서스,ES
765,기아 더 K9 RJ,기아,K9
766,혼다 어코드 2019년형,혼다,어코드
767,렉서스 LS600hL,렉서스,LS
768,현대 뉴 아반떼 XD,현대,아반떼
769,쉐보레/한국GM 올뉴 마티즈 M200/250,GM대우,마티즈
770,미니 뉴 F/L 클럽맨 F54,미니,클럽맨
771,르노삼성 뉴임프레션 SM5 EX1/DF,르노삼성,SM5
772,르노삼성 QM6 HZG,르노삼성,QM6
773,렉서스RX시리즈,렉서스,RX
774,쉐보레/한국GM 이쿼녹스 3세대,쉐보레,이쿼녹스
775,현대 더 뉴 EV 아이오닉 AE,현대,아이오닉
776,쉐보레/한국GM 맥스 윈스톰 C105,GM대우,윈스톰
777,포드 머스탱 2020년형,포드,머스탱
778,렉서스 NX300h,렉서스,NX
779,쌍용 C 코란도 C200,쌍용,코란도
780,기아 더마스터 모하비 HM,기아,모하비
781,기아 K5 JK,기아,K5
782,렉서스 RX 2019년형,렉서스,RX
783,기아 R 카니발 VQ,기아,카니발
784,기아 더뉴 쏘렌토 UM,기아,쏘렌토
785,토요타 프리우스 2019년형,토요타,프리우스
786,현대 뉴 그랜저 XG,현대,그랜저
787,현대 투싼 JM,현대,투싼
788,폭스바겐 티구안 2018년형,폭스바겐,티구안
789,쌍용 W 체어맨 W200,쌍용,체어맨
790,기아 그랜드 카니발 VQ,기아,카니발
791,볼보 S90 2019년형,볼보,S90
792,볼보 XC90 2020년형,볼보,XC90
793,쉐보레/한국GM 아베오 T300,쉐보레,아베오
794,현대 더뉴 i40 VF,현대,i40
795,르노삼성 ZE SM3 L38,르노삼성,SM3
796,아우디 A5 2020년형,아우디,A5
797,스마트 포투 2018년형,스마트,포투
798,볼보 XC40 2016년형,볼보,XC40
799,람보르기니 레벤톤 2020년형,람보르기니,레벤톤
800,폭스바겐 골프 2020년형,폭스바겐,골프
801,닷지 바이퍼 2020년형,닷지,바이퍼
802,링컨 LS 2020년형,링컨,LS
803,혼다 어코드 2016년형,혼다,어코드
804,람보르기니 레벤톤 2019년형,람보르기니,레벤톤
805,쉐보레 콜로라도 2019년형,쉐보레,콜로라도
806,기아 프리미어 K7 YG F/L,기아,K7
807,기아 더뉴 HEV K5 JF,기아,K5
808,현대 F/L 투싼 TL,현대,투싼
809,기아 모하비 더마스터 HM,기아,모하비
810,제네시스 F/L G90 HI,제네시스,G90
811,기아 더뉴 모하비 HM,기아,모하비
812,기아 EV 니로,기아,니로
813,기아 이노베이션 로체 MG,기아,로체
814,기아 더 뉴 하이브리드 니로 DE,기아,니로
815,르노삼성 르노 마스터 버스,르노,마스터
816,혼다 파일럿 2020년형,혼다,파일럿
817,쌍용 아머 티볼리 X110,쌍용,티볼리
818,기아 CUV 스토닉 YB,기아,스토닉
819,쌍용 베리 뉴 티볼리,쌍용,티볼리
820,기아 하이브리드 K5 TF,기아,K5
821,볼보 S60 2020년형,볼보,S60
822,쌍용 뉴W 체어맨 W200,쌍용,체어맨
823,폭스바겐 파사트 2014년형,폭스바겐,파사트
824,캐딜락 에스컬레이드 2019년형,캐딜락,에스컬레이드
825,토요타 아발론 2019년형,토요타,아발론
826,푸조 3008 2020년형,푸조,3008
827,링컨 MKZ 2016년형,링컨,MKZ
828,쉐보레/한국GM 올 뉴 말리부 V400,쉐보레,말리부
829,쉐보레/한국GM SS 카마로 6세대,쉐보레,카마로
830,렉서스 ES 2012년형,렉서스,ES
831,기아 PHEV 니로 DE,기아,니로
832,폭스바겐 파사트 2008년형,폭스바겐,파사트
833,렉서스 RX 350,렉서스,RX
834,랜드로버 디펜더 2019년형,랜드로버,디펜더
835,미니 컨트리맨 2020년형,미니,컨트리맨
836,링컨 MKT 2019년형,링컨,MKT
837,렉서스 GS 2018년형,렉서스,GS
838,닷지 니트로 2019년형,닷지,니트로
839,링컨 MKC 2016년형,링컨,MKC
840,렉서스 CT 2020년형,렉서스,CT
841,볼보 XC60 2019년형,볼보,XC60
842,닛산 로그 2020년형,닛산,로그
843,렉서스 CT 2019년형,렉서스,CT
844,렉서스 UX 2020년형,렉서스,UX
845,기아 뉴 쏘렌토 BL,기아,쏘렌토
846,혼다 어코드 2020년형,혼다,어코드
847,현대 EV 아이오닉 AE,현대,아이오닉
848,르노삼성 Neo SM3 L38,르노삼성,SM3
849,현대 HEV 아반떼 HD,현대,아반떼
850,현대 뉴 클릭 TB,현대,클릭
851,르노삼성 SM7 Ex2,르노삼성,SM7
852,폭스바겐 폴로 2014년형,폭스바겐,폴로
853,혼다 어코드 2008년형,혼다,어코드
854,미니 컨트리맨 2017년형,미니,컨트리맨
855,포르쉐 파나메라 2019년형,포르쉐,파나메라
856,르노삼성 SM3 N17,르노삼성,SM3
857,쉐보레/한국GM 스파크 M300,쉐보레,스파크
858,혼다 파일럿 2019년형,혼다,파일럿
859,기아 카렌스 2 RS,기아,카렌스
860,르노삼성 네오 QM5 H45,르노삼성,QM5
861,쉐보레/대우 더뉴 스파크 M400,쉐보레,스파크
862,현대 PHEV 아이오닉 AE,현대,아이오닉
863,쉐보레/대우 마티즈,GM대우,마티즈
864,현대 클릭 TB,현대,클릭
865,혼다 오딧세이 2020년형,혼다,오딧세이
866,쉐보레/대우 더 뉴 말리부 V400,쉐보레,말리부
867,쉐보레/대우 임팔라 10세대,쉐보레,임팔라
868,쉐보레/대우 더뉴 트랙스 U200,쉐보레,트랙스
869,쉐보레/대우 크루즈 J300,쉐보레,크루즈
870,쉐보레/대우 올란도,쉐보레,올란도
871,쉐보레/대우 말리부,쉐보레,말리부
872,쉐보레/대우 라세티,GM대우,라세티
873,토요타 프리우스 2020년형,토요타,프리우스
874,혼다 어코드 2009년형,혼다,어코드
875,쉐보레/대우 캡티바,쉐보레,캡티바
876,현대 뉴 베르나 LC,현대,베르나
877,캐딜락 CT6 2019년형,캐딜락,CT6
878,쉐보레/대우 올란도 J309,쉐보레,올란도
879,쉐보레/대우 임팔라,쉐보레,임팔라
880,쉐보레/대우 윈스톰,GM대우,윈스톰
881,쉐보레/대우 볼트 2019년형,쉐보레,볼트
882,쉐보레/대우 스파크 M300,쉐보레,스파크
883,쉐보레/대우 크리에이티브 마티즈 M300,GM대우,마티즈
884,쉐보레/대우 프리미어 라세티 J300,GM대우,라세티
885,혼다 CR-V 2020년형,혼다,CR-V
886,쉐보레/대우 트랙스 U200,쉐보레,트랙스
887,쉐보레/대우 뉴 라세티 J200,GM대우,라세티
888,푸조 206 2006년형,푸조,206
889,볼보 XC90 2019년형,볼보,XC90
890,혼다 CR-V 2019년형,혼다,CR-V
891,볼보 XC90 2006년형,볼보,XC90
892,쉐보레/대우 토스카,GM대우,토스카
893,쌍용 슈퍼 렉스턴 Y200,쌍용,렉스턴
894,쉐보레/대우 알페온 VS300,한국GM,알페온
895,현대 HEV 아이오닉 AE,현대,아이오닉
896,캐딜락 XT5 2019년형,캐딜락,XT5
897,쌍용 렉스턴 2 Y200,쌍용,렉스턴
898,폭스바겐 골프 2015년형,폭스바겐,골프
899,쉐보레/대우 올 뉴 말리부 V400,쉐보레,말리부
900,쌍용 뉴 무쏘 FJ,쌍용,무쏘
901,르노삼성 올뉴 SM7 L47,르노삼성,SM7
902,쉐보레/대우 이쿼녹스,쉐보레,이쿼녹스
903,쉐보레/대우 말리부 V300,쉐보레,말리부
904,기아 하이브리드 포르테 TD,기아,포르테
905,기아 카니발 2 KV-II,기아,카니발
906,기아 모닝 SA,기아,모닝
907,기아 EV 레이 TAM,기아,레이
908,쉐보레/대우 F/L 말리부 V400,쉐보레,말리부
909,쉐보레/대우 토스카 V250,GM대우,토스카
910,기아 더뉴 K3 YD,기아,K3
911,기아 더뉴 쏘울 PS,기아,쏘울
912,기아 하이브리드 니로 DE,기아,니로
913,지프 레니게이드 2019년형,지프,레니게이드
914,현대 (구) 제네시스 BH,현대,제네시스
915,렉서스 ES 2019년형,렉서스,ES
916,폭스바겐 티구안 2019년형,폭스바겐,티구안
917,볼보 XC90 2018년형,볼보,XC90
918,볼보 XC60 2018년형,볼보,XC60
919,렉서스 ES 350,렉서스,ES
920,렉서스 LS시리즈,렉서스,LS
921,푸조 308MCP,푸조,308
922,BMW NEW X5,BMW,X5
923,렉서스 LS 460,렉서스,LS
924,렉서스 GS 350,렉서스,GS
925,기아로체이노베이션,기아,로체
926,렉서스 RX 2021년형,렉서스,RX
927,토요타 RAV4 2021년형,토요타,RAV4
928,렉서스 ES 2021년형,렉서스,ES
929,아우디 스포트백(4도어) A5 8W6,아우디,A5
930,제네시스 더 뉴 G70 IK,제네시스,G70
931,렉서스 ES 2020년형,렉서스,ES
932,링컨 에비에이터 U611,링컨,에비에이터
933,포르쉐 911 2021년형,포르쉐,911
934,폭스바겐 제타 2016년형,폭스바겐,제타
935,쌍용 올 뉴 G4 렉스턴 Y400,쌍용,렉스턴
936,미니 뉴 컨트리맨 F60,미니,컨트리맨
937,아우디 A4 B9,아우디,A4
938,폭스바겐 시로코 2013년형,폭스바겐,시로코
939,아우디 Q5 FY,아우디,Q5
940,포르쉐 쿠페 카이엔 9Y0,포르쉐,카이엔
941,BMW New F/L X1 F48,BMW,X1
942,포르쉐 카이엔 9Y0,포르쉐,카이엔
943,BMW X6 G06,BMW,X6
944,르노삼성 더 뉴 SM6 LFD,르노삼성,SM6
945,BMW X7 G07,BMW,X7
946,쉐보레/한국GM 알페온 VS300,한국GM,알페온
947,BMW X2 F39,BMW,X2
948,캐딜락 XT5 2021년형,캐딜락,XT5
949,토요타 아발론 2020년형,토요타,아발론
950,아우디 Q3 F3,아우디,Q3
951,BMW M5 F90,BMW,M5
952,BMW X5 G05,BMW,X5
953,마세라티 르반떼 2018년형,마세라티,르반떼
954,폭스바겐 제타 2021년형,폭스바겐,제타
955,볼보 XC60 2021년형,볼보,XC60
956,쉐보레/한국GM 3세대 F/L 이쿼녹스,쉐보레,이쿼녹스
957,포르쉐 카이엔 958,포르쉐,카이엔
958,볼보 3세대 S60,볼보,S60
959,볼보 XC60 2014년형,볼보,XC60
960,포르쉐 911 2020년형,포르쉐,911
961,혼다 오딧세이 2019년형,혼다,오딧세이
962,볼보 XC40 2020년형,볼보,XC40
963,폭스바겐 티구안 2012년형,폭스바겐,티구안
964,랜드로버 디펜더 2020년형,랜드로버,디펜더
965,닛산 알티마 L32/U32,닛산,알티마
966,마세라티 르반떼 2020년형,마세라티,르반떼
967,렉서스 ES 2008년형,렉서스,ES
968,아우디 더 뉴 A6 C8,아우디,A6
969,마세라티 콰트로포르테 2018년형,마세라티,콰트로포르테
970,지프 랭글러 2021년형,지프,랭글러
971,미니 컨트리맨 R60,미니,컨트리맨
972,푸조 5008 2021년형,푸조,5008
973,쉐보레 콜로라도 2021년형,쉐보레,콜로라도
974,포드 쿠가 2015년형,포드,쿠가
975,렉서스 RX 2020년형,렉서스,RX
976,폭스바겐 티구안 2020년형,폭스바겐,티구안
977,캐딜락 에스컬레이드 2020년형,캐딜락,에스컬레이드
978,폭스바겐 아테온 2020년형,폭스바겐,아테온
979,볼보 XC60 2020년형,볼보,XC60
980,쉐보레/한국GM 임팔라 10세대,쉐보레,임팔라
981,혼다 어코드 2021년형,혼다,어코드
982,렉서스 GS 2021년형,렉서스,GS
983,포르쉐 더 뉴 파나메라 971,포르쉐,파나메라
984,닷지 듀랑고 2021년형,닷지,듀랑고
985,랜드로버 레인지로버 2015년형,랜드로버,레인지로버
986,렉서스 GS 2013년형,렉서스,GS
987,현대 더뉴 맥스크루즈 NC,현대,맥스크루즈
988,포르쉐 파나메라 971,포르쉐,파나메라
989,혼다 오딧세이 2021년형,혼다,오딧세이
990,재규어 XF 2020년형,재규어,XF
991,볼보 XC40 2021년형,볼보,XC40
992,BMW X3 E83,BMW,X3
993,포르쉐 마칸 2021년형,포르쉐,마칸
994,닛산 올 뉴 알티마 L34,닛산,알티마
995,재규어 XJ 2012년형,재규어,XJ
996,랜드로버 디스커버리 2021년형,랜드로버,디스커버리
997,쉐보레/한국GM 올뉴 크루즈 J400,쉐보레,크루즈
998,푸조 2008 2021년형,푸조,2008
999,쉐보레/한국GM 뉴 크루즈 J300,쉐보레,크루즈
1000,BMW Z4 E89,BMW,Z4
1001,지프 레니게이드 2021년형,지프,레니게이드
1002,토요타 프리우스 2018년형,토요타,프리우스
1003,랜드로버 디스커버리 2019년형,랜드로버,디스커버리
1004,렉서스 GS 2015년형,렉서스,GS
1005,기아 올뉴 카렌스 RP,기아,카렌스
1006,폭스바겐 티구안 2015년형,폭스바겐,티구안
1007,폭스바겐 골프 2010년형,폭스바겐,골프
1008,캐딜락 CT6 2021년형,캐딜락,CT6
1009,BMW M2 F87,BMW,M2
1010,폭스바겐 아테온 2021년형,폭스바겐,아테온
1011,폭스바겐 투아렉 2015년형,폭스바겐,투아렉
1012,지프 체로키 2020년형,지프,체로키
1013,쉐보레 콜로라도 2020년형,쉐보레,콜로라도
1014,마세라티 르반떼 2019년형,마세라티,르반떼
1015,아우디 F/L A6 C7,아우디,A6
1016,캐딜락 CT6 2016년형,캐딜락,CT6
1017,지프 레니게이드 2015년형,지프,레니게이드
1018,폭스바겐 티구안 2014년형,폭스바겐,티구안
1019,링컨 노틸러스 2021년형,링컨,노틸러스
1020,지프 체로키 2021년형,지프,체로키
1021,기아 HEV K5 JK,기아,K5
1022,혼다 CR-V 2010년형,혼다,CR-V
1023,BMW X1 E84,BMW,X1
1024,랜드로버 디스커버리 2014년형,랜드로버,디스커버리
1025,혼다 파일럿 2018년형,혼다,파일럿
1026,쉐보레/한국GM 프리미엄6 토스카 V292,GM대우,토스카
1027,볼보 XC60 2017년형,볼보,XC60
1028,쌍용 체어맨 W100,쌍용,체어맨
1029,렉서스 LS 2011년형,렉서스,LS
1030,렉서스 NX 2015년형,렉서스,NX
1031,르노 클리오 2018년형,르노,클리오
1032,아우디 A6 C6,아우디,A6
1033,지프 체로키 2019년형,지프,체로키
1034,지프 레니게이드 2020년형,지프,레니게이드
1035,렉서스 LS 2021년형,렉서스,LS
1036,혼다 파일럿 2017년형,혼다,파일럿
1037,폭스바겐 골프 2011년형,폭스바겐,골프
1038,아우디 TT 2015년형,아우디,TT
1039,렉서스 ES 2015년형,렉서스,ES
1040,포르쉐 911 2016년형,포르쉐,911
1041,혼다 어코드 2017년형,혼다,어코드
1042,렉서스 NX 2020년형,렉서스,NX
1043,현대 뉴 엑센트 X3,현대,엑센트
1044,캐딜락 CT6 2020년형,캐딜락,CT6
1045,혼다 오딧세이 2018년형,혼다,오딧세이
1046,BMW Z4 G29,BMW,Z4
1047,볼보 S90 2021년형,볼보,S90
1048,지프 체로키 2017년형,지프,체로키
1049,볼보 S90 2020년형,볼보,S90
1050,폭스바겐 골프 2012년형,폭스바겐,골프
1051,폭스바겐 투아렉 2020년형,폭스바겐,투아렉
1052,링컨 컨티넨탈 2021년형,링컨,컨티넨탈
1053,기아 더뉴 K9 KH,기아,K9
1054,닛산 올 뉴 알티마 F/L L33,닛산,알티마
1055,마세라티 기블리 2016년형,마세라티,기블리
1056,지프 랭글러 2014년형,지프,랭글러
1057,혼다 어코드 2013년형,혼다,어코드
1058,재규어 XF 2019년형,재규어,XF
1059,토요타 캠리 2017년형,토요타,캠리
1060,폭스바겐 골프 2014년형,폭스바겐,골프
1061,기아 하이브리드 K7 VG,기아,K7
1062,아우디 스포트백(4도어) A5,아우디,A5
1063,렉서스 ES 2018년형,렉서스,ES
1064,혼다 레전드 2008년형,혼다,레전드
1065,링컨 MKZ 2021년형,링컨,MKZ
1066,토요타 RAV4 2015년형,토요타,RAV4
1067,토요타 프리우스 2015년형,토요타,프리우스
1068,랜드로버 레인지로버 2010년형,랜드로버,레인지로버
1069,지프 랭글러 2020년형,지프,랭글러
1070,폭스바겐 골프 2017년형,폭스바겐,골프
1071,토요타 캠리 2016년형,토요타,캠리
1072,닛산 큐브 Z12,닛산,큐브
1073,스마트 포투 2016년형,스마트,포투
1074,링컨 노틸러스 2020년형,링컨,노틸러스
1075,혼다 CR-V 2015년형,혼다,CR-V
1076,재규어 XE 2019년형,재규어,XE
1077,롤스로이스 고스트 2018년형,롤스로이스,고스트
1078,캐딜락 에스컬레이드 2021년형,캐딜락,에스컬레이드
1079,아우디 쿠페 A5,아우디,A5
1080,재규어 XF 2015년형,재규어,XF
1081,현대 제네시스 G330,현대,제네시스
1082,토요타 캠리 2021년형,토요타,캠리
1083,포르쉐 파나메라 2016년형,포르쉐,파나메라
1084,아우디 Q5 8R,아우디,Q5
1085,포드 퓨전 2014년형,포드,퓨전
1086,마세라티 콰트로포르테 2016년형,마세라티,콰트로포르테
1087,아우디 A3 8V,아우디,A3
1088,링컨 MKZ 2020년형,링컨,MKZ
1089,혼다 어코드 2010년형,혼다,어코드
1090,포르쉐 파나메라 2021년형,포르쉐,파나메라
1091,기아 F/L (출시예정) 스팅어 CK,기아,스팅어
1092,렉서스 CT 2014년형,렉서스,CT
1093,랜드로버 레인지로버 2021년형,랜드로버,레인지로버
1094,혼다 어코드 2018년형,혼다,어코드
1095,볼보 V40 2016년형,볼보,V40
1096,기아 프리미엄 오피러스 GH,기아,오피러스
1097,렉서스 NX 2021년형,렉서스,NX
1098,재규어 XE 2015년형,재규어,XE
1099,폭스바겐 티구안 2008년형,폭스바겐,티구안
1100,렉서스 CT 2021년형,렉서스,CT
1101,포르쉐 파나메라 2020년형,포르쉐,파나메라
1102,혼다 어코드 2015년형,혼다,어코드
1103,닛산 맥시마 A36,닛산,맥시마
1104,폭스바겐 파사트 2015년형,폭스바겐,파사트
1105,쉐보레/한국GM 뉴 라세티 J200,GM대우,라세티
1106,푸조 5008 2020년형,푸조,5008
1107,볼보 XC60 2016년형,볼보,XC60
1108,렉서스 NX 2017년형,렉서스,NX
1109,쌍용 뉴 체어맨 W100,쌍용,체어맨
1110,벤츠 스프린터 907/910,메르세데스-벤츠,스프린터
1111,캐딜락 XT5 2017년형,캐딜락,XT5
1112,링컨 컨티넨탈 2020년형,링컨,컨티넨탈
1113,혼다 파일럿 2016년형,혼다,파일럿
1114,포르쉐 파나메라 2012년형,포르쉐,파나메라
1115,아우디 Q3 8U,아우디,Q3
1116,폭스바겐 골프 2016년형,폭스바겐,골프
1117,폭스바겐 CC 2010년형,폭스바겐,CC
1118,쉐보레/한국GM EV 스파크 M300,쉐보레,스파크
1119,쉐보레 트래버스 2세대,쉐보레,트래버스
1120,르노삼성 뉴제너레이션 SM3 N17,르노삼성,SM3
1121,렉서스 RX 2016년형,렉서스,RX
1122,렉서스 ES 2014년형,렉서스,ES
1123,렉서스 IS 2017년형,렉서스,IS
1124,현대 숏바디 갤로퍼 M,현대,갤로퍼
1125,벤틀리 벤테이가 2021년형,벤틀리,벤테이가
1126,링컨 MKZ 2019년형,링컨,MKZ
1127,랜드로버 디스커버리 2012년형,랜드로버,디스커버리
1128,폭스바겐 제타 2013년형,폭스바겐,제타
1129,렉서스 RX 2007년형,렉서스,RX
1130,토요타 수프라 2020년형,토요타,수프라
1131,링컨 에비에이터 2020년형,링컨,에비에이터
1132,폭스바겐 파사트 2018년형,폭스바겐,파사트
1133,폭스바겐 투아렉 2014년형,폭스바겐,투아렉
1134,폭스바겐 시로코 2012년형,폭스바겐,시로코
1135,포르쉐 파나메라 2013년형,포르쉐,파나메라
1136,볼보 S80 2015년형,볼보,S80
1137,포르쉐 마칸 2020년형,포르쉐,마칸
1138,닛산 알티마 L33,닛산,알티마
1139,폭스바겐 폴로 2013년형,폭스바겐,폴로
1140,볼보 S80 2013년형,볼보,S80
1141,포드 머스탱 2021년형,포드,머스탱
1142,렉서스 ES 2009년형,렉서스,ES
1143,랜드로버 디스커버리 2013년형,랜드로버,디스커버리
1144,포르쉐 카이엔 2020년형,포르쉐,카이엔
1145,폭스바겐 파사트 2013년형,폭스바겐,파사트
1146,링컨 MKC 2018년형,링컨,MKC
1147,재규어 XJ 2010년형,재규어,XJ
1148,닷지 챌린저 2019년형,닷지,챌린저
1149,링컨 MKX 2016년형,링컨,MKX
1150,렉서스 RX 2012년형,렉서스,RX
1151,토요타 캠리 2018년형,토요타,캠리
1152,토요타 프리우스 2021년형,토요타,프리우스
1153,쉐보레/한국GM 3세대 이쿼녹스,쉐보레,이쿼녹스
1154,지프 랭글러 2015년형,지프,랭글러
1155,폭스바겐 CC 2016년형,폭스바겐,CC
1156,마세라티 기블리 2018년형,마세라티,기블리
1157,쌍용 H 체어맨 W100,쌍용,체어맨
1158,지프 랭글러 2016년형,지프,랭글러
1159,포르쉐 마칸 2015년형,포르쉐,마칸
1160,쉐보레/한국GM X 젠트라 T255,GM대우,젠트라
1161,혼다 인사이트 2019년형,혼다,인사이트
1162,푸조 3008 2017년형,푸조,3008
1163,렉서스 LX 2017년형,렉서스,LX
1164,쉐보레 임팔라 2018년형,쉐보레,임팔라
1165,르노삼성 (출시예정) XM3 LJL,르노삼성,XM3
1166,기아 뉴 카니발 VQ,기아,카니발
1167,랜드로버 프리랜더 2011년형,랜드로버,프리랜더
1168,지프 레니게이드 2017년형,지프,레니게이드
1169,포르쉐 카이엔 2010년형,포르쉐,카이엔
1170,현대 롱바디 갤로퍼 M,현대,갤로퍼
1171,랜드로버 디스커버리 2015년형,랜드로버,디스커버리
1172,제네시스 GV70 JK1,제네시스,GV70
1173,푸조 2008 2015년형,푸조,2008
1174,BMW M3 F80,BMW,M3
1175,볼보 V40 2017년형,볼보,V40
1176,벤틀리 뮬산 2019년형,벤틀리,뮬산
1177,볼보 XC40 2019년형,볼보,XC40
1178,포르쉐 카이엔 2014년형,포르쉐,카이엔
1179,닛산 캐시카이 Z11,닛산,캐시카이
1180,아우디 F/L A3 8V,아우디,A3
1181,캐딜락 에스컬레이드 2017년형,캐딜락,에스컬레이드
1182,페라리 F40 2018년형,페라리,F40
1183,혼다 CR-V 2018년형,혼다,CR-V
1184,렉서스 LS 2018년형,렉서스,LS
1185,폭스바겐 티구안 2016년형,폭스바겐,티구안
1186,혼다 오딧세이 2015년형,혼다,오딧세이
1187,캐딜락 XT5 2020년형,캐딜락,XT5
1188,볼보 2세대 크로스컨트리 S60,볼보,S60
1189,링컨 MKT 2020년형,링컨,MKT
1190,비이스만 로드스터 2020년형,테슬라,로드스터
1191,스마트 포투 2020년형,스마트,포투
1192,토요타 아발론 2021년형,토요타,아발론
1193,쉐보레/한국GM 2 마티즈 M150,GM대우,마티즈
1194,링컨 MKC 2020년형,링컨,MKC
1195,폭스바겐 아테온 2019년형,폭스바겐,아테온
1196,기아 더뉴 아웃도어 카니발 YP,기아,카니발
1197,마세라티 콰트로포르테 2020년형,마세라티,콰트로포르테
1198,캐딜락 CTS 2019년형,캐딜락,CTS
1199,토요타 시에나 2019년형,토요타,시에나
1200,쉐보레/한국GM 윈스톰 C100,GM대우,윈스톰
1201,쉐보레/한국GM 더뉴 아베오 T300,쉐보레,아베오
1202,푸조 3008 2018년형,푸조,3008
1203,마세라티 기블리 2019년형,마세라티,기블리
1204,폭스바겐 투아렉 2012년형,폭스바겐,투아렉
1205,쉐보레/한국GM 트래버스 2세대,쉐보레,트래버스
1206,아우디 A8 2020년형,아우디,A8
1207,기아 3세대 K5 DL3,기아,K5
1208,렉서스 IS 2009년형,렉서스,IS
1209,닛산 패스파인더 2020년형,닛산,패스파인더
1210,렉서스 RX 2017년형,렉서스,RX
1211,랜드로버 디스커버리 2017년형,랜드로버,디스커버리
1212,폭스바겐 CC 2011년형,폭스바겐,CC
1213,렉서스 ES 2013년형,렉서스,ES
1214,미니 컨트리맨 2019년형,미니,컨트리맨
1215,렉서스 IS 2016년형,렉서스,IS
1216,포르쉐 카이엔 2019년형,포르쉐,카이엔
1217,지프 랭글러 2019년형,지프,랭글러
1218,링컨 컨티넨탈 2019년형,링컨,컨티넨탈
1219,아큐라 ZDX 2020년형,아큐라,ZDX
1220,아큐라 RDX 2020년형,아큐라,RDX
1221,마쯔다 MPV 2020년형,마쓰다,MPV
1222,현대 뉴 그레이스 AH,현대,그레이스
1223,쉐보레 HHR 2020년형,쉐보레,HHR
1224,BMW Z3 E36/7,BMW,Z3
1225,렉서스 LC 2020년형,렉서스,LC
1226,랜드로버 프리랜더 2019년형,랜드로버,프리랜더
1227,아큐라 MDX 2020년형,아큐라,MDX
1228,현대 LPi HEV 아반떼 HD,현대,아반떼
1229,BMW X1 F48,BMW,X1
1230,폭스바겐 비틀 2016년형,폭스바겐,비틀
1231,폭스바겐 파사트 2017년형,폭스바겐,파사트
1232,푸조 5008 2019년형,푸조,5008
1233,랜드로버 디스커버리 2016년형,랜드로버,디스커버리
1234,페라리 456 2019년형,페라리,456
1235,렉서스 UX 2018년형,렉서스,UX
1236,혼다 시빅 2019년형,혼다,시빅
1237,폭스바겐 제타 2014년형,폭스바겐,제타
1238,렉서스 RX 2013년형,렉서스,RX
1239,쌍용 H뉴클래식 체어맨 W100,쌍용,체어맨
1240,토요타 시에나 2014년형,토요타,시에나
1241,지프 체로키 2018년형,지프,체로키
1242,미니 컨트리맨 2014년형,미니,컨트리맨
1243,스마트 포투 2014년형,스마트,포투
1244,랜드로버 레인지로버 2016년형,랜드로버,레인지로버
1245,푸조 5008 2017년형,푸조,5008
1246,쉐보레/한국GM F/L 말리부 V400,쉐보레,말리부
1247,볼보 S60 2019년형,볼보,S60
1248,스마트 포투 2013년형,스마트,포투
1249,기아 더뉴 카니발 하이리무진 YP,기아,카니발
1250,쉐보레/한국GM 볼트 2019년형,쉐보레,볼트
1251,포르쉐 카이엔 2016년형,포르쉐,카이엔
1252,포르쉐 카이엔 2017년형,포르쉐,카이엔
1253,렉서스 NX 2016년형,렉서스,NX
1254,푸조 508 2020년형,푸조,508
1255,닛산 큐브 2011년형,닛산,큐브
1256,BMW Z4 E85/86,BMW,Z4
1257,현대 더뉴 벨로스터 FS,현대,벨로스터
1258,렉서스 NX 2018년형,렉서스,NX
1259,닛산 맥시마 2017년형,닛산,맥시마
1260,폭스바겐 파사트 2006년형,폭스바겐,파사트
1261,BMW i3 I01,BMW,i3
1262,푸조 2008 2020년형,푸조,2008
1263,기아 올뉴 쏘울 PS,기아,쏘울
1264,랜드로버 레인지로버 2014년형,랜드로버,레인지로버
1265,닛산 알티마 2020년형,닛산,알티마
1266,볼보 XC90 2017년형,볼보,XC90
1267,쉐보레/한국GM 젠트라 T250,GM대우,젠트라
1268,볼보 XC60 2013년형,볼보,XC60
1269,렉서스 UX 2019년형,렉서스,UX
1270,렉서스 NX 2019년형,렉서스,NX
1271,푸조 3008 2012년형,푸조,3008
1272,폭스바겐 CC 2014년형,폭스바겐,CC
1273,볼보 S60 2018년형,볼보,S60
1274,기아 어드밴스 로체 MG,기아,로체
1275,링컨 MKZ 2013년형,링컨,MKZ
1276,볼보 XC60 2015년형,볼보,XC60
1277,볼보 V40 2020년형,볼보,V40
1278,링컨 MKX 2015년형,링컨,MKX
1279,재규어 XF 2017년형,재규어,XF
1280,볼보 V40 2015년형,볼보,V40
1281,랜드로버 프리랜더 2007년형,랜드로버,프리랜더
1282,볼보 S90 2017년형,볼보,S90
1283,아우디 TT 2008년형,아우디,TT
1284,렉서스 CT 2012년형,렉서스,CT
1285,포드 토러스 2014년형,포드,토러스
1286,재규어 XF 2012년형,재규어,XF
1287,폭스바겐 제타 2011년형,폭스바겐,제타
1288,볼보 S90 2013년형,볼보,S90
1289,쉐보레/대우 더넥스트 스파크 M400,쉐보레,스파크
1290,포르쉐 카이엔 2012년형,포르쉐,카이엔
1291,폭스바겐 파사트 2009년형,폭스바겐,파사트
1292,토요타 캠리 2012년형,토요타,캠리
1293,닛산 알티마 2017년형,닛산,알티마
1294,볼보 C70 2008년형,볼보,C70
1295,폭스바겐 CC 2012년형,폭스바겐,CC
1296,포르쉐 카이엔 2015년형,포르쉐,카이엔
1297,포드 머스탱 2019년형,포드,머스탱
1298,쉐보레/대우 이쿼녹스 3세대,쉐보레,이쿼녹스
1299,랜드로버 레인지로버 2019년형,랜드로버,레인지로버
1300,아우디 R8 2015년형,아우디,R8
1301,볼보 S80 2014년형,볼보,S80
1302,렉서스 LX 2015년형,렉서스,LX
1303,렉서스 LS 2012년형,렉서스,LS
1304,쉐보레/대우 아카디아,대우,아카디아
1305,캐딜락 ATS 2014년형,캐딜락,ATS
1306,재규어 XE 2016년형,재규어,XE
1307,토요타 RAV4 2013년형,토요타,RAV4
1308,폭스바겐 비틀 2015년형,폭스바겐,비틀
1309,볼보 V40 2018년형,볼보,V40
1310,르노 마스터 2020년형,르노,마스터
1311,현대 올뉴 아반떼 J2,현대,아반떼
1312,볼보 S90 2018년형,볼보,S90
1313,포르쉐 카이엔 2018년형,포르쉐,카이엔
1314,포르쉐 파나메라 2018년형,포르쉐,파나메라
1315,렉서스 LS 2009년형,렉서스,LS
1316,토요타 시에나 2018년형,토요타,시에나
1317,푸조 2008 2019년형,푸조,2008
1318,볼보 XC90 2016년형,볼보,XC90
1319,포드 이스케이프 2013년형,포드,이스케이프
1320,폭스바겐 비틀 2013년형,폭스바겐,비틀
1321,볼보 S60 2016년형,볼보,S60
1322,쉐보레/대우 뉴 크루즈 J300,쉐보레,크루즈
1323,포르쉐 카이엔 2013년형,포르쉐,카이엔
1324,혼다 어코드 2014년형,혼다,어코드
1325,볼보 V40 2013년형,볼보,V40
1326,캐딜락 CT6 2018년형,캐딜락,CT6
1327,마세라티 콰트로포르테 2008년형,마세라티,콰트로포르테
1328,렉서스 LS 2007년형,렉서스,LS
1329,닛산 맥시마 2019년형,닛산,맥시마
1330,재규어 XJ 2017년형,재규어,XJ
1331,닛산 맥시마 2018년형,닛산,맥시마
1332,포르쉐 911 2018년형,포르쉐,911
1333,쉐보레/대우 알페온,한국GM,알페온
1334,포드 몬데오 2017년형,포드,몬데오
1335,혼다 CR-V 2007년형,혼다,CR-V
1336,아우디 A6 2020년형,아우디,A6
1337,닛산 맥시마 2020년형,닛산,맥시마
1338,쉐보레/대우 아베오 T300,쉐보레,아베오
1339,쉐보레/대우 올뉴 말리부 V400,쉐보레,말리부
1340,쉐보레/대우 윈스톰 C100,GM대우,윈스톰
1341,포르쉐 카이엔 2009년형,포르쉐,카이엔
1342,아우디 A6 2008년형,아우디,A6
1343,렉서스 GS 2019년형,렉서스,GS
1344,토요타 툰드라 2018년형,토요타,툰드라
1345,랜드로버 레인지로버 2017년형,랜드로버,레인지로버
1346,포르쉐 파나메라 2015년형,포르쉐,파나메라
1347,쉐보레/대우 올뉴 크루즈 J400,쉐보레,크루즈
1348,쉐보레/대우 캡티바 유로5,쉐보레,캡티바
1349,쉐보레/대우 SS 카마로 6세대,쉐보레,카마로
1350,폭스바겐 비틀 2014년형,폭스바겐,비틀
1351,재규어 XJ 2015년형,재규어,XJ
1352,현대 (구) 제네시스 DH,현대,제네시스
1353,폭스바겐 제타 2012년형,폭스바겐,제타
1354,랜드로버 레인지로버 2018년형,랜드로버,레인지로버
1355,랜드로버 프리랜더 2014년형,랜드로버,프리랜더
1356,포르쉐 파나메라 2017년형,포르쉐,파나메라
1357,볼보 V70 2019년형,볼보,V70
1358,렉서스 LS 2005년형,렉서스,LS
1359,쉐보레 카마로 2016년형,쉐보레,카마로
1360,2011미니컨트리맨,미니,컨트리맨
1361,폭스바겐 제타 2020년형,폭스바겐,제타
1362,푸조 2008 2017년형,푸조,2008
1363,재규어 XF 2016년형,재규어,XF
1364,쉐보레 카마로 2021년형,쉐보레,카마로
1365,렉서스 LS 2020년형,렉서스,LS
1366,링컨 MKT 2018년형,링컨,MKT
1367,혼다 CR-V 2021년형,혼다,CR-V
1368,피아트 124 2017년형,피아트,124
1369,쌍용 뉴 렉스턴 Y200,쌍용,렉스턴
1370,푸조 607 2007년형,푸조,607
1371,토요타 입섬 2020년형,토요타,입섬
1372,지프 체로키 2007년형,지프,체로키
1373,폭스바겐 투아렉 2019년형,폭스바겐,투아렉
1374,재규어 XJ 2007년형,재규어,XJ
1375,렉서스 RX 2018년형,렉서스,RX
1376,토요타 시에나 2017년형,토요타,시에나
1377,포드 몬데오 2021년형,포드,몬데오
1378,포르쉐 911 2010년형,포르쉐,911
1379,재규어 XF 2021년형,재규어,XF
1380,폭스바겐 페이톤 2009년형,폭스바겐,페이톤
1381,푸조 208 2014년형,푸조,208
1382,토요타 RAV4 2016년형,토요타,RAV4
1383,포르쉐 파나메라 970,포르쉐,파나메라
1384,마세라티 기블리 2015년형,마세라티,기블리
1385,재규어 XF 2013년형,재규어,XF
1386,토요타 아발론 2018년형,토요타,아발론
1387,토요타 캠리 2011년형,토요타,캠리
1388,랜드로버 프리랜더 2013년형,랜드로버,프리랜더
1389,토요타 캠리 2014년형,토요타,캠리
1390,토요타 프리우스 2012년형,토요타,프리우스
1391,기아 더뉴 카렌스 RP,기아,카렌스
1392,볼보 V40 2014년형,볼보,V40
1393,폭스바겐 파사트 2010년형,폭스바겐,파사트
1394,지프 체로키 2014년형,지프,체로키
1395,푸조 3008 2019년형,푸조,3008
1396,캐딜락 SRX 2011년형,캐딜락,SRX
1397,포르쉐 카이엔 957,포르쉐,카이엔
1398,포드 토러스 2013년형,포드,토러스
1399,토요타 시에나 2015년형,토요타,시에나
1400,폭스바겐 폴로 2015년형,폭스바겐,폴로
1401,폭스바겐 제타 2015년형,폭스바겐,제타
1402,포르쉐 마칸 2016년형,포르쉐,마칸
1403,지프 랭글러 2012년형,지프,랭글러
1404,아우디 컨버터블 A5,아우디,A5
1405,혼다 시빅 2015년형,혼다,시빅
1406,혼다 S660 2021년형,혼다,S660
1407,렉서스 ES 2007년형,렉서스,ES
1408,크라이슬러 200 2017년형,크라이슬러,200
1409,지프 컴패스 2011년형,지프,컴패스
1410,랜드로버 디스커버리 2011년형,랜드로버,디스커버리
1411,포드 이스케이프 2008년형,포드,이스케이프
1412,아우디 TT 2014년형,아우디,TT
1413,포르쉐 911 2007년형,포르쉐,911
1414,포드 포커스 2013년형,포드,포커스
1415,폭스바겐 투아렉 2016년형,폭스바겐,투아렉
1416,포드 이스케이프 2011년형,포드,이스케이프
1417,푸조 3008 2011년형,푸조,3008
1418,캐딜락 CTS 2015년형,캐딜락,CTS
1419,쉐보레/한국GM 매그너스 V200,GM대우,매그너스
1420,미니 뉴 클럽맨 F54,미니,클럽맨
1421,포드 몬데오 2015년형,포드,몬데오
1422,포드 몬데오 2016년형,포드,몬데오
1423,현대 뉴 스타렉스 A1,현대,스타렉스
1424,푸조 208 2012년형,푸조,208
1425,랜드로버 레인지로버 2013년형,랜드로버,레인지로버
1426,지프 체로키 2015년형,지프,체로키
1427,지프 레니게이드 2016년형,지프,레니게이드
1428,링컨 MKC 2019년형,링컨,MKC
1429,혼다 오딧세이 2014년형,혼다,오딧세이
1430,렉서스 CT 2017년형,렉서스,CT
1431,지프 체로키 2016년형,지프,체로키
1432,아우디 쿠페 A5 8W6,아우디,A5
1433,재규어 XF 2011년형,재규어,XF
1434,기아 2 카렌스 RS,기아,카렌스
1435,토요타 프리우스 2016년형,토요타,프리우스
1436,폭스바겐 아테온 2017년형,폭스바겐,아테온
1437,푸조 2008 2016년형,푸조,2008
1438,렉서스 GS 2017년형,렉서스,GS
1439,렉서스 IS 2008년형,렉서스,IS
1440,푸조 2008 2018년형,푸조,2008
1441,혼다 CR-V 2014년형,혼다,CR-V
1442,지프 체로키 2012년형,지프,체로키
1443,포드 토러스 2017년형,포드,토러스
1444,토요타 RAV4 2017년형,토요타,RAV4
1445,아우디 R8 2020년형,아우디,R8
1446,닛산 Select 로그 S35,닛산,로그
1447,푸조 205 2015년형,푸조,205
1448,링컨 MKS 2014년형,링컨,MKS
1449,현대 트랜스폼 베르나 MC,현대,베르나
1450,혼다 시빅 2017년형,혼다,시빅
1451,혼다 어코드 2011년형,혼다,어코드
1452,볼보 1세대 XC90,볼보,XC90
1453,재규어 XE 2017년형,재규어,XE
1454,기아 2 카니발 KV-II,기아,카니발
1455,폭스바겐 비틀 2008년형,폭스바겐,비틀
1456,토요타 캠리 2009년형,토요타,캠리
1457,닛산 무라노 Z51,닛산,무라노
1458,혼다 어코드 2012년형,혼다,어코드
1459,기아 4세대(출시예정) 카니발 KA4,기아,카니발
1460,지프 체로키 2013년형,지프,체로키
1461,푸조 208 2019년형,푸조,208
1462,폭스바겐 비틀 2012년형,폭스바겐,비틀
1463,쉐보레/한국GM 마티즈 M100,GM대우,마티즈
1464,쉐보레/한국GM 이쿼녹스 3세대 F/L,쉐보레,이쿼녹스
1465,피아트 500X 2016년형,피아트,500X
1466,렉서스 GS 2008년형,렉서스,GS
1467,포드 토러스 2010년형,포드,토러스
1468,르노 마스터 2019년형,르노,마스터
1469,포르쉐 파나메라 2014년형,포르쉐,파나메라
1470,푸조 3008 2013년형,푸조,3008
1471,혼다 CR-V 2009년형,혼다,CR-V
1472,혼다 CR-V 2016년형,혼다,CR-V
1473,혼다 HR-V 2021년형,혼다,HR-V
1474,폭스바겐 비틀 2007년형,폭스바겐,비틀
1475,쉐보레/한국GM 라세티 J200,GM대우,라세티
1476,기아 스포티지 NB7,기아,스포티지
1477,캐딜락 CTS 2021년형,캐딜락,CTS
1478,폭스바겐 파사트 2020년형,폭스바겐,파사트
1479,볼보 S80 2012년형,볼보,S80
1480,폭스바겐 투아렉 2013년형,폭스바겐,투아렉
1481,링컨 MKX 2011년형,링컨,MKX
1482,폭스바겐 CC 2015년형,폭스바겐,CC
1483,BMW New i3 I01,BMW,i3
1484,닛산 알티마 2016년형,닛산,알티마
1485,현대 점보 스타렉스 A1,현대,스타렉스
1486,볼보 C30 2008년형,볼보,C30
1487,폭스바겐 파사트 2007년형,폭스바겐,파사트
1488,닷지 캘리버 2009년형,닷지,캘리버
1489,푸조 308 2013년형,푸조,308
1490,볼보 XC60 2012년형,볼보,XC60
1491,렉서스 RX 2006년형,렉서스,RX
1492,포드 머스탱 2012년형,포드,머스탱
1493,쌍용 뉴 로디우스 유로,쌍용,로디우스
1494,닛산 알티마 2014년형,닛산,알티마
1495,포드 토러스 2009년형,포드,토러스
1496,링컨 타운카 2007년형,링컨,타운카
1497,혼다 S660 2015년형,혼다,S660
1498,미니 컨트리맨 2016년형,미니,컨트리맨
1499,지프 랭글러 2017년형,지프,랭글러
1500,벤츠 스프린터 F/L 906,메르세데스-벤츠,스프린터
1501,링컨 MKZ 2010년형,링컨,MKZ
1502,캐딜락 BLS 2020년형,캐딜락,BLS
1503,아우디 A1 2019년형,아우디,A1
1504,혼다 어코드 2007년형,혼다,어코드
1505,폭스바겐 티구안 2009년형,폭스바겐,티구안
1506,쉐보레/한국GM 카마로 5세대,쉐보레,카마로
1507,아우디 A8 2009년형,아우디,A8
1508,지프 컴패스 2019년형,지프,컴패스
1509,포드 머스탱 2016년형,포드,머스탱
1510,렉서스 GS 2009년형,렉서스,GS
1511,토요타 RAV4 2014년형,토요타,RAV4
1512,GMC 사파리 2019년형,GMC,사파리
1513,크라이슬러 퍼시피카 2019년형,크라이슬러,퍼시피카
1514,토요타 RAV4 2011년형,토요타,RAV4
1515,렉서스 IS 2007년형,렉서스,IS
1516,마세라티 기블리 2017년형,마세라티,기블리
1517,닛산 로그 2017년형,닛산,로그
1518,아우디 R8 2008년형,아우디,R8
1519,현대 아이오닉 HEV,현대,아이오닉
1520,아우디 A4 2020년형,아우디,A4
1521,현대 더 뉴 아이오닉 PHEV,현대,아이오닉
1522,벤츠 스프린터 2018년형,메르세데스-벤츠,스프린터
1523,BMW i8 I12,BMW,i8
1524,르노 클리오 2020년형,르노,클리오
1525,캐딜락 ATS 2015년형,캐딜락,ATS
1526,지프 랭글러 2018년형,지프,랭글러
1527,렉서스 LS 2006년형,렉서스,LS
1528,캐딜락 SRX 2010년형,캐딜락,SRX
1529,푸조 3008 2015년형,푸조,3008
1530,포드 퓨전 2013년형,포드,퓨전
1531,링컨 MKS 2015년형,링컨,MKS
1532,폭스바겐 파사트 2012년형,폭스바겐,파사트
1533,캐딜락 에스컬레이드 2018년형,캐딜락,에스컬레이드
1534,토요타 시에나 2012년형,토요타,시에나
1535,푸조 308 2014년형,푸조,308
1536,닛산 알티마 2015년형,닛산,알티마
1537,링컨 MKZ 2014년형,링컨,MKZ
1538,닷지 듀랑고 2019년형,닷지,듀랑고
1539,폭스바겐 시로코 2014년형,폭스바겐,시로코
1540,르노 클리오 2019년형,르노,클리오
1541,혼다 시빅 2013년형,혼다,시빅
1542,스바루 아웃백 2011년형,스바루,아웃백
1543,폭스바겐 아테온 2018년형,폭스바겐,아테온
1544,벤틀리 뮬산 2020년형,벤틀리,뮬산
1545,르노 모뒤스 2020년형,르노,모뒤스
1546,링컨 MKT 2017년형,링컨,MKT
1547,푸조 3008 2010년형,푸조,3008
1548,렉서스 CT 2011년형,렉서스,CT
1549,폭스바겐 티구안 2011년형,폭스바겐,티구안
1550,스마트 포투 2011년형,스마트,포투
1551,포드 토러스 2016년형,포드,토러스
1552,랜드로버 디스커버리 2009년형,랜드로버,디스커버리
1553,볼보 S60 2015년형,볼보,S60
1554,피아트 500 2015년형,피아트,500
1555,렉서스 GS시리즈,렉서스,GS
1556,링컨 MKS 2016년형,링컨,MKS
1557,마세라티 르반떼 2017년형,마세라티,르반떼
1558,링컨 MKS 2013년형,링컨,MKS
1559,미니 클럽맨 2010년형,미니,클럽맨
1560,토요타 캠리 2008년형,토요타,캠리
1561,쉐보레/대우 젠트라,GM대우,젠트라
1562,쉐보레/대우 EV 스파크 M300,쉐보레,스파크
1563,포드 토러스 2008년형,포드,토러스
1564,지프 컴패스 2018년형,지프,컴패스
1565,크라이슬러 200 2016년형,크라이슬러,200
1566,폭스바겐 페이톤 2011년형,폭스바겐,페이톤
1567,쉐보레/대우 올뉴 마티즈 M200/250,GM대우,마티즈
1568,현대 뉴 투스카니 GK,현대,투스카니
1569,쉐보레/대우 라세티 J200,GM대우,라세티
1570,폭스바겐 투아렉 2006년형,폭스바겐,투아렉
1571,쉐보레/대우 프리미엄6 토스카 V292,GM대우,토스카
1572,쉐보레/대우 캡티바 유로6,쉐보레,캡티바
1573,지프 컴패스 2020년형,지프,컴패스
1574,캐딜락 CTS 2008년형,캐딜락,CTS
1575,쉐보레/대우 마티즈 클래식,GM대우,마티즈
1576,포드 이스케이프 2015년형,포드,이스케이프
1577,혼다 어코드 2006년형,혼다,어코드
1578,링컨 MKS 2008년형,링컨,MKS
1579,렉서스 LS 2013년형,렉서스,LS
1580,쉐보레/대우 맥스 윈스톰 C105,GM대우,윈스톰
1581,미니 컨트리맨 2015년형,미니,컨트리맨
1582,재규어 XJ 2019년형,재규어,XJ
1583,쉐보레/대우 베리타스,GM대우,베리타스
1584,르노 마스터 2018년형,르노,마스터
1585,볼보 XC90 2014년형,볼보,XC90
1586,닛산 무라노 2009년형,닛산,무라노
1587,혼다 인사이트 2010년형,혼다,인사이트
1588,쉐보레 카마로 2019년형,쉐보레,카마로
1589,닷지 듀랑고 2018년형,닷지,듀랑고
1590,혼다 시빅 2012년형,혼다,시빅
1591,지프 랭글러 2011년형,지프,랭글러
1592,쉐보레/대우 매그너스,GM대우,매그너스
1593,뷰익 리갈 2014년형,뷰익,리갈
1594,볼보 V40 2019년형,볼보,V40
1595,폭스바겐 티구안 2017년형,폭스바겐,티구안
1596,쉐보레/대우 더뉴 아베오 T300,쉐보레,아베오
1597,닛산 큐브 2012년형,닛산,큐브
1598,렉서스 RX 400h,렉서스,RX
1599,쉐보레/대우 카마로,쉐보레,카마로
1600,혼다 크로스로드 2013년형,혼다,크로스로드
1601,닛산 엑스테라 2019년형,닛산,엑스테라
1602,링컨 MKX 2012년형,링컨,MKX
1603,볼보 S60 2006년형,볼보,S60
1604,혼다 오딧세이 2017년형,혼다,오딧세이
1605,렉서스 GS 2006년형,렉서스,GS
1606,닛산 알티마 2019년형,닛산,알티마
1607,토요타 시에나 2016년형,토요타,시에나
1608,랜드로버 프리랜더 2018년형,랜드로버,프리랜더
1609,링컨 MKZ 2018년형,링컨,MKZ
1610,렉서스 RX 2010년형,렉서스,RX
1611,닛산 알티마 2018년형,닛산,알티마
1612,아우디 A4 Saloon,아우디,A4
1613,렉서스 GS 430,렉서스,GS
1614,현대 NEW에쿠스,현대,에쿠스
1615,렉서스 RX시리즈,렉서스,RX
1616,2011 미니 컨트리맨,미니,컨트리맨
0,현대자동차 마이티2.5T,현대,마이티
1,현대 더 뉴 그랜저 IG,현대,그랜저/6세대
2,현대 올뉴 아반떼 CN7,현대,아반떼/7세대
3,현대 쏘나타 DN8,현대,쏘나타/8세대
4,제네시스 더올뉴 G80 RG3,제네시스,G80
5,기아 K5 DL3 HEV,기아,K5
6,BMW 3 시리즈 G20,BMW,3 시리즈
7,기아 K5 DL3,기아,K5
8,현대 HEV 쏘나타 DN8,현대,쏘나타/8세대
9,BMW 7 시리즈 F01/02,BMW,7 시리즈
10,BMW 5 시리즈 E60/61,BMW,5 시리즈
11,BMW 5 시리즈 G30/31,BMW,5 시리즈
12,포드 All New 익스플로러,포드,익스플로러
13,현대 뉴라이즈 PHEV 쏘나타 LF,현대,쏘나타/7세대
14,현대 더럭셔리 그랜저 TG,현대,그랜저/4세대
15,르노삼성 뉴신형 SM5 L43,르노삼성,SM5
16,제네시스 G330,현대,제네시스
17,기아 부스터 쏘울 SK3,기아,쏘울
18,현대 뉴라이즈 쏘나타 LF,현대,쏘나타/7세대
19,쉐보레/한국GM 캡티바 유로5,쉐보레/한국GM,캡티바
20,벤츠 G-클래스 W463: G63 AMG,메르세데스-벤츠,G-클래스
21,현대 쏘나타 dn8,현대,쏘나타/8세대
22,제네시스 디올뉴G80,제네시스,G80
23,벤츠 E-클래스 세단 W213,메르세데스-벤츠,E-클래스
24,르노삼성 뉴플래티넘 SM5 L43,르노삼성,SM5
25,벤츠 S450,메르세데스-벤츠,S-클래스
26,현대 더뉴 아반떼 AD,현대,아반떼/6세대
27,벤츠 E-클래스 W212,메르세데스-벤츠,E-클래스
28,벤츠 C220d 4matic,메르세데스-벤츠,C-클래스
29,쉐보레 볼트EV,쉐보레,볼트EV
30,현대 아반떼 sport,현대,아반떼/6세대
31,기아 포르테 쿱 XK,기아,포르테
32,BMW 5 시리즈 F10/11,BMW,5 시리즈
33,쉐보레/한국GM 볼트 EV,쉐보레/한국GM,볼트EV
34,벤츠 C200카브리올레,메르세데스-벤츠,C-클래스
35,현대 뉴라이즈 HEV 쏘나타 LF,현대,쏘나타/7세대
36,벤츠 C-클래스 W204,메르세데스-벤츠,C-클래스
37,현대 HEV 쏘나타 LF,현대,쏘나타/8세대
38,벤츠 더뉴 C-클래스 카브리올레 A205,메르세데스-벤츠,C-클래스
39,기아 부스터 EV 쏘울 SK3,기아,쏘울
40,벤츠 더뉴 C-클래스 세단 W205,메르세데스-벤츠,C-클래스
41,벤츠 S-클래스 W221,메르세데스-벤츠,S-클래스
42,르노삼성 노바 SM5 L43,르노삼성,SM5
43,벤츠 더뉴 GLE-클래스 W167,메르세데스-벤츠,GLE-클래스
44,벤츠 E-클래스 카브리올레 A213,메르세데스-벤츠,E-클래스
45,기아 K3 GT YD,기아,K3 GT
46,비이스만 GT 2020년형,그랜드,GT
47,벤츠 C-클래스 쿠페 C204,메르세데스-벤츠,C-클래스
48,벤츠 B-클래스 W247,메르세데스-벤츠,B-클래스
49,볼보 FH500 2020년형,볼보,FH
50,벤츠 B-클래스 W245,메르세데스-벤츠,B-클래스
51,인피니티 G 시리즈 2009년형,인피니티,G 시리즈
52,볼보 FH500,볼보,FH
53,벤츠 CLK-클래스 C209/A209,메르세데스-벤츠,CLK-클래스
54,벤츠 E-클래스 W213,메르세데스-벤츠,E-클래스
55,현대 쏘나타 DN8 센슈어스,현대,쏘나타/8세대
56,벤츠 E-클래스 E220d,메르세데스-벤츠,E-클래스
57,벤츠 E-클래스 E450,메르세데스-벤츠,E-클래스
58,벤츠 E-클래스 E300d,메르세데스-벤츠,E-클래스
59,기아 쏘울 부스터 EV SK3,기아,쏘울
60,벤츠 C-클래스 W205/C205,메르세데스-벤츠,C-클래스
61,아우디 A6 2014년형,아우디,A6
62,벤츠 E-클래스 E300 4MATIC,메르세데스-벤츠,E-클래스
63,BMW X4 F26,BMW,X4
64,BMW 5 시리즈 E39,BMW,5 시리즈
65,쉐보레/한국GM 볼트 2020년형,쉐보레/한국GM,볼트EV
66,기아 쏘울 부스터 SK3,기아,쏘울
67,포드 익스플로러 2016년형,포드,익스플로러
68,벤츠 AMG GT C190,메르세데스-AMG,GT-클래스
69,벤츠 S-클래스 2019년형,메르세데스-벤츠,S-클래스
70,벤츠 AMG GT,메르세데스-AMG,GT-클래스
71,아우디 A6 2013년형,아우디,A6
72,벤츠 B-클래스 W246,메르세데스-벤츠,B-클래스
73,랜드로버 레인지로버 보그 2017년형,랜드로버,레인지로버 보그
74,랜드로버 디스커버리 스포츠 2019년형,랜드로버,디스커버리 스포츠
75,벤츠 new CLS-Class,메르세데스-벤츠,CLS-클래스
76,아우디 A3 2010년형,아우디,A3
77,BMW F/L 1 시리즈 F20,BMW,1 시리즈
78,제네시스G80스포츠,제네시스,G80
79,닛산 X-Trail,닛산,X-TRAIL
80,BMW X5 F15,BMW,X5
81,쌍용 액티언 스포츠 Q100,쌍용,액티언 스포츠
82,벤츠 S-클래스 2018년형,메르세데스-벤츠,S-클래스
83,쉐보레/대우 볼트 2020년형,쉐보레,볼트EV
84,볼보 V60 2019년형,볼보,V60
85,벤츠 GLE-클래스 2017년형,메르세데스-벤츠,GLE-클래스
86,벤츠 E-클래스 W212/C207/A207,메르세데스-벤츠,E-클래스
87,BMWNEW5시리즈,BMW,5 시리즈
88,지프 루비콘 2012년형,지프,루비콘
89,아우디 A7 2014년형,아우디,A7
90,아우디 Q5 2016년형,아우디,Q5
91,아우디 A6 2019년형,아우디,A6
92,벤츠 S-클래스 2014년형,메르세데스-벤츠,S-클래스
93,벤츠 CLS-클래스 2019년형,메르세데스-벤츠,CLS-클래스
94,벤츠 GLA-클래스 2019년형,메르세데스-벤츠,GLA-클래스
95,BMW X3 G01,BMW,X3
96,벤츠 쿠페 GLC-클래스 C253,메르세데스-벤츠,GLC-클래스
97,BMW 7 시리즈 G11/12,BMW,7 시리즈
98,벤츠 S-클래스 W222,메르세데스-벤츠,S-클래스
99,제네시스 세부 분류,현대,
100,현대 PHEV 쏘나타 LF,현대,쏘나타/7세대
101,BMW 그란쿠페(4도어) 8 시리즈 G16,BMW,8 시리즈
102,아우디 S7 2021년형,아우디,S7
103,BMW X4 G02,BMW,X4
104,벤츠 GT-클래스 S AMG C190,메르세데스-AMG,GT-클래스
105,BMW 3 시리즈  GT F34,BMW,3 시리즈
106,쉐보레/한국GM 캡티바,쉐보레/한국GM,캡티바
107,벤츠 A-클래스 세단 V177,메르세데스-벤츠,A-클래스
108,지프 루비콘 2021년형,지프,루비콘
109,캐딜락 XT6 2021년형,캐딜락,XT6
110,벤츠 A-클래스 해치백 W177,메르세데스-벤츠,A-클래스
111,시트로엥 DS3 2012년형,DS,DS3
112,아우디 A8 D4/4H,아우디,A8
113,아우디 Q7 2021년형,아우디,Q7
114,아우디 A7 4K8,아우디,A7
115,볼보 크로스 컨트리 V90,볼보,V90
116,벤츠 더뉴 GLE-클래스 V167,메르세데스-벤츠,GLE-클래스
117,아우디 더 뉴 A7 4G8,아우디,A7
118,벤츠 E-클래스 쿠페 C213,메르세데스-벤츠,E-클래스
119,벤츠 더뉴 GLS-클래스 X167,메르세데스-벤츠,GLS-클래스
120,포드 5세대 F/L 익스플로러,포드,익스플로러
121,벤츠 F/L 쿠페 GLC-클래스 C253,메르세데스-벤츠,GLC-클래스
122,벤츠 F/L GLC-클래스 X253,메르세데스-벤츠,GLC-클래스
123,벤츠 S-클래스 C222 S65 AMG 쿠페,메르세데스-벤츠,S-클래스
124,BMW X4 M 40d G02,BMW,X4 M
125,벤츠 GLC-클래스 63 AMG X253,메르세데스-벤츠,GLC-클래스
126,벤츠 E-클래스 올트레인 X213,메르세데스-벤츠,E-클래스
127,닷지 램 픽업 2021년형,램,램 픽업
128,벤츠 GLA-클래스 X156: GLA45 AMG,메르세데스-벤츠,GLA-클래스
129,랜드로버 레인지로버 보그 2021년형,랜드로버,레인지로버 보그
130,아우디 Q7 2020년형,아우디,Q7
131,벤츠 CLA-클래스 C117: CLA45 AMG,메르세데스-벤츠,CLA-클래스
132,랜드로버 디스커버리 스포츠 2017년형,랜드로버,디스커버리 스포츠
133,캐딜락 CT5,캐딜락,CT5
134,BMW 액티브투어러(5인승) 2 시리즈 F45,BMW,2 시리즈
135,BMW X3 F25,BMW,X3
136,랜드로버 디스커버리 스포츠 2021년형,랜드로버,디스커버리 스포츠
137,크라이슬러 300C 2013년형,크라이슬러,300C
138,캐딜락 CT5 2021년형,캐딜락,CT5
139,BMW 6 시리즈 E63/64,BMW,6 시리즈
140,BMW 5 시리즈 GT F07,BMW,5 시리즈
141,아우디 A8 D5,아우디,A8
142,벤츠 더뉴 B-클래스 W246,메르세데스-벤츠,B-클래스
143,벤츠 마이바흐 XL222,메르세데스-마이바흐,마이바흐
144,아우디 Q7 2017년형,아우디,Q7
145,지프 루비콘 2018년형,지프,루비콘
146,랜드로버 레인지로버 보그 2019년형,랜드로버,레인지로버 보그
147,벤츠 E-클래스 F/L W212,메르세데스-벤츠,E-클래스
148,벤츠 M-클래스 W166,메르세데스-벤츠,M-클래스
149,BMW 1 시리즈 E82,BMW,1 시리즈
150,랜드로버 디펜더 2021년형,랜드로버,디펜더
151,BMW X5 E53,BMW,X5
152,마쯔다 MX 2021년형,마쓰다,MX
153,르노삼성 ZOE,르노삼성,조에
154,링컨 네비게이터 2018년형,링컨,내비게이터
155,BMW 6 시리즈 G32,BMW,6 시리즈
156,아우디 Q7 2016년형,아우디,Q7
157,벤츠 쿠페 GLC-클래스 63 AMG C253,메르세데스-벤츠,GLC-클래스
158,BMW 그란쿠페(4도어) 2 시리즈 F44,BMW,2 시리즈
159,아우디 S8 2020년형,아우디,S8
160,벤츠 G-클래스 W463: G63 AMG 6x6,메르세데스-벤츠,G-클래스
161,벤츠 The New G-클래스 W464,메르세데스-벤츠,G-클래스
162,아우디 E-tron 2021년형,아우디,E-트론
163,벤츠 C-클래스 세단 W205,메르세데스-벤츠,C-클래스
164,랜드로버 레인지로버 스포츠 2018년형,랜드로버,레인지로버 스포츠
165,크라이슬러 300C 2012년형,크라이슬러,300C
166,벤츠 S-클래스 C222 쿠페,메르세데스-벤츠,S-클래스
167,아우디 E-tron 2020년형,아우디,E-트론
168,벤츠 S-클래스 C222 S63 AMG 쿠페,메르세데스-벤츠,S-클래스
169,BMW 1 시리즈 F20,BMW,1 시리즈
170,랜드로버 레인지로버 보그 2016년형,랜드로버,레인지로버 보그
171,인피니티 QX 2018년형,인피니티,QX
172,재규어 F페이스 2018년형,재규어,F페이스
173,볼보 V90 2020년형,볼보,V90
174,볼보 크로스 컨트리 V60,볼보,V60
175,랜드로버 레인지로버 보그 2012년형,랜드로버,레인지로버 보그
176,인피니티 QX 2021년형,인피니티,QX
177,BMW 7 시리즈 E38,BMW,7 시리즈
178,랜드로버 레인지로버 보그 2018년형,랜드로버,레인지로버 보그
179,링컨 네비게이터 2021년형,링컨,내비게이터
180,BMW 3 시리즈 E46,BMW,3 시리즈
181,재규어 XJ6 2007년형,재규어,XJ6
182,벤츠 S-클래스 W222 AMG,메르세데스-벤츠,S-클래스
183,BMW M8 G15,BMW,8 시리즈
184,아우디 A7 4G8,아우디,A7
185,벤츠 A-클래스 W176: A45 AMG,메르세데스-벤츠,A-클래스
186,재규어 E페이스 2019년형,재규어,E페이스
187,인피니티 Q 시리즈 2016년형,인피니티,Q 시리즈
188,캐딜락 CTS 2016년형,캐딜락,CTS
189,벤틀리 벤테이가 2020년형,벤틀리,벤테이가
190,아우디 Q5 2013년형,아우디,Q5
191,벤츠 E-클래스 웨건 S213,메르세데스-벤츠,E-클래스
192,벤츠 더뉴 C-클래스 쿠페 C205,메르세데스-벤츠,C-클래스
193,토요타 도요타86 2021년형,토요타,도요타86
194,아우디 Q5 2017년형,아우디,Q5
195,인피니티 QX 2017년형,인피니티,QX
196,랜드로버 레인지로버 스포츠 2020년형,랜드로버,레인지로버 스포츠
197,재규어 F페이스 2019년형,재규어,F페이스
198,랜드로버 레인지로버 보그 2014년형,랜드로버,레인지로버 보그
199,링컨 에비에이터 2021년형,링컨,내비게이터
200,기아 HEV 포르테 쿱 XK,기아,포르테 쿱
201,BMW X6 F16,BMW,X6
202,재규어 I페이스 2020년형,재규어,I페이스
203,벤츠 CLS-클래스 W218: CLS63 AMG,메르세데스-벤츠,CLS-클래스
204,아우디 Q5 2015년형,아우디,Q5
205,닷지 램 픽업 2020년형,램,램 픽업
206,현대 7세대(출시예정) 아반떼 CN7,현대,아반떼/7세대
207,아우디 S7 2013년형,아우디,S7
208,랜드로버 레인지로버 보그 2020년형,랜드로버,레인지로버 보그
209,아우디 Q7 2014년형,아우디,Q7
210,제네시스 2세대 G80 RG3,제네시스,G80
211,뷰익 센츄리 2021년형,뷰익,센츄리
212,비이스만 GT 2021년형,기아,GT
213,시트로엥 C4 피카소 2020년형,시트로엥,C4 피카소
214,현대 출시예정 아반떼 CN7,현대,아반떼/7세대
215,BMW X6 E71/72,BMW,X6
216,포드 익스플로러 2020년형,포드,익스플로러
217,아우디 Q7 2019년형,아우디,Q7
218,볼보 FH500 2019년형,볼보,FH
219,링컨 MKX 2020년형,링컨,MKX
220,닛산 엑스테라 2020년형,닛산,엑스테라
221,현대 쿠페 아반떼 JK,현대,아반떼/5세대
222,볼보 V60 2020년형,볼보,V60
223,벤틀리 컨티넨탈 플라잉스퍼 2008년형,벤틀리,컨티넨탈 플라잉스퍼
224,랜드로버 레인지로버 스포츠 2017년형,랜드로버,레인지로버 스포츠
225,볼보 FH500 2012년형,볼보,FH
226,벤츠 G-클래스 W464,메르세데스-벤츠,G-클래스
227,아우디 A8 2018년형,아우디,A8
228,푸조 308SW 2020년형,푸조,308SW
229,푸조 508SW 2019년형,푸조,508SW
230,벤츠 AMG GT 43,메르세데스-AMG,GT-클래스
231,벤츠 S-클래스 W220,메르세데스-벤츠,S-클래스
232,인피니티 G 시리즈 2008년형,인피니티,G 시리즈
233,아우디 A5 2014년형,아우디,A5
234,아우디 A8 2016년형,아우디,A8
235,아우디 A7 2016년형,아우디,A7
236,지프 루비콘 2019년형,지프,루비콘
237,포드 익스플로러 2014년형,포드,익스플로러
238,람보르기니 가야드로 2020년형,람보르기니,가야르도
239,랜드로버 레인지로버 벨라 2018년형,랜드로버,레인지로버 벨라
240,벤츠 S-클래스 2017년형,메르세데스-벤츠,S-클래스
241,벤츠 A-클래스 W177/V177,메르세데스-벤츠,A-클래스
242,아우디 A6 2016년형,아우디,A6
243,벤츠 GLC-클래스 X253/C253,메르세데스-벤츠,GLC-클래스
244,벤츠 S-클래스 2020년형,메르세데스-벤츠,S-클래스
245,쉐보레/한국GM 캡티바 유로6,쉐보레/한국GM,캠티바
246,아우디 A5 2019년형,아우디,A5
247,벤츠 E-클래스 E350d,메르세데스-벤츠,E-클래스
248,벤츠 GLK-클래스 2013년형,메르세데스-벤츠,GLK-클래스
249,아우디 A6 2018년형,아우디,A6
250,벤츠 M-클래스 2013년형,메르세데스-벤츠,M-클래스
251,푸조 208 2016년형,푸조,208
252,벤츠 E-클래스 E200,메르세데스-벤츠,E-클래스
253,BMW M4 F82/83,BMW,M4
254,벤츠 GT 2019년형,메르세데스-AMG,GT-클래스
255,아우디 A6 2017년형,아우디,A6
256,볼보 FH500 2016년형,볼보,FH
257,벤츠 마이바흐 2015년형,메르세데스-마이바흐,마이바흐
258,볼보 V90 2019년형,볼보,V90
259,아우디 A4 2013년형,아우디,A4
260,벤츠 S-클래스 2015년형,메르세데스-벤츠,S-클래스
261,포드 익스플로러 2017년형,포드,익스플로러
262,아우디 A4 2010년형,아우디,A4
263,포드 익스플로러 2019년형,포드,익스플로러
264,벤츠 E-클래스 W210,메르세데스-벤츠,E-클래스
265,지프 루비콘 2017년형,지프,루비콘
266,아우디 A6 2015년형,아우디,A6
267,벤츠 GLE-클래스 2015년형,메르세데스-벤츠,GLE-클래스
268,볼보 V60 2018년형,볼보,V60
269,벤츠 C-클래스 W204/C204,메르세데스-벤츠,C-클래스
270,현대 쿠페 아반떼 MD,현대,아반떼/5세대
271,아우디 A6 2012년형,아우디,A6
272,벤츠 GLE-클래스 2016년형,메르세데스-벤츠,GLE-클래스
273,아우디 A6 2011년형,아우디,A6
274,벤츠 S-클래스 2016년형,메르세데스-벤츠,S-클래스
275,벤츠 M-클래스 2015년형,메르세데스-벤츠,M-클래스
276,토요타 타코마 픽업 2016년형,토요타,타코마 픽업
277,아우디 A7 2012년형,아우디,A7
278,인피니티 FX 2006년형,인피니티,FX
279,지프 루비콘 2020년형,지프,루비콘
280,벤츠 GLC-클래스 X253/C253: GLC63 AMG,메르세데스-벤츠,GLC-클래스
281,아우디 A7 2013년형,아우디,A7
282,벤츠 S-클래스 2008년형,메르세데스-벤츠,S-클래스
283,푸조 508 2015년형,푸조,508
284,벤츠 GLK-클래스 2014년형,메르세데스-벤츠,GLK-클래스
285,아우디 A3 2018년형,아우디,A3
286,아우디 A5 2015년형,아우디,A5
287,쌍용 코란도 KH7,쌍용,코란도
288,아우디 S3 2015년형,아우디,S3
289,벤츠 S-클래스 2012년형,메르세데스-벤츠,S-클래스
290,지프 사하라 2019년형,지프,사하라
291,아우디 A8 2012년형,아우디,A8
292,아우디 A7 2015년형,아우디,A7
293,포드 익스플로러 2015년형,포드,익스플로러
294,기아 프론티어 1열 봉고 W3,기아,봉고
295,아우디 올로드콰트로 2017년형,아우디,올로드콰트로
296,아우디 Q7 2010년형,아우디,Q7
297,기아 신형 쏘울 SK3,기아,쏘울
298,벤츠 M-클래스 2014년형,메르세데스-벤츠,M-클래스
299,BMW 5 시리즈 G30,BMW,5 시리즈
300,아우디 A4 2011년형,아우디,A4
301,랜드로버 레인지로버 스포츠 2019년형,랜드로버,레인지로버 스포츠
302,벤츠 E-클래스 W211,메르세데스-벤츠,E-클래스
303,벤츠 S-클래스 2013년형,메르세데스-벤츠,S-클래스
304,벤틀리 컨티넨탈 플라잉스퍼 2016년형,벤틀리,컨티넨탈 플라잉스퍼
305,아우디 A6 2010년형,아우디,A6
306,재규어 F타입 2014년형,재규어,F타입
307,포드 익스플로러 2018년형,포드,익스플로러
308,아우디 Q3 2014년형,아우디,Q3
309,벤츠 S-클래스 2010년형,메르세데스-벤츠,S-클래스
310,닛산 주크 2016년형,닛산,주크
311,벤츠 CLS-클래스 2018년형,메르세데스-벤츠,CLS-클래스
312,벤츠 E-클래스 2017년형,메르세데스-벤츠,E-클래스
313,벤츠 E-클래스 2019년형,메르세데스-벤츠,E-클래스
314,벤츠 GLC-클래스 2019년형,메르세데스-벤츠,GLC-클래스
315,벤츠 E-클래스 2014년형,메르세데스-벤츠,E-클래스
316,벤츠 GLE-클래스 2019년형,메르세데스-벤츠,GLE-클래스
317,벤츠 E-클래스 2018년형,메르세데스-벤츠,E-클래스
318,벤츠 GLA-클래스 2018년형,메르세데스-벤츠,GLA-클래스
319,제네시스 DH,현대,제네시스
320,BMW 328i 컨버터블,BMW,3 시리즈
321,크라이슬러 세브링SEDAN,크라이슬러,세브링
322,제네시스 G80 스포츠,제네시스,G80
323,BMW NEW5시리즈,BMW,5 시리즈
324,제네시스BH,현대,제네시스
325,재규어 F페이스 2016년형,재규어,F페이스
326,벤츠 쿠페 GLE-클래스 C292,메르세데스-벤츠,GLE-클래스
327,토요타 프리우스C 2019년형,토요타,프리우스
328,미쓰비시 랜서 2009년형,미쓰비시,랜서
329,재규어 S타입 2008년형,재규어,S타입
330,볼보 XC70 2013년형,볼보,XC70
331,캐딜락 XT6 2020년형,캐딜락,XT6
332,현대5톤덤프트럭,현대,대형트럭
333,BMW New 4 시리즈 G22,BMW,4 시리즈
334,푸조 308 2017년형,푸조,308
335,벤틀리 컨티넨탈 플라잉스퍼 2019년형,벤틀리,컨티넨탈 플라잉스퍼
336,푸조 208 2015년형,푸조,208
337,벤츠 A-클래스 해치백 W177: A45 AMG,메르세데스-벤츠,A-클래스
338,아우디 S7 2020년형,아우디,S7
339,랜드로버 레인지로버 보그 2010년형,랜드로버,레인지로버 보그
340,BMW미니 컨트리맨,미니,컨트리맨
341,지프 루비콘 2013년형,지프,루비콘
342,쉐보레 익스프레스밴 2007년형,쉐보레,익스프레스밴
343,시트로엥 DS3 2015년형,DS,DS3
344,벤츠 CL-클래스 C216: CL63 AMG,메르세데스-벤츠,CL-클래스
345,시트로엥 C4 피카소 2021년형,시트로엥,C4 피카소
346,쌍용 뉴 코란도 KJ,쌍용,코란도
347,인피니티 G 시리즈 2013년형,인피니티,G 시리즈
348,랜드로버 레인지로버 스포츠 2014년형,랜드로버,레인지로버 스포츠
349,아우디 Q7 2013년형,아우디,Q7
350,렉서스 LX 2012년형,렉서스,LX
351,랜드로버 레인지로버 스포츠 2016년형,랜드로버,레인지로버 스포츠
352,벤츠 C-클래스 쿠페 C205,메르세데스-벤츠,C-클래스
353,볼보 XC70 2015년형,볼보,V70
354,현대 5톤,현대,메가트럭
355,벤틀리 컨티넨탈 GT 2012년형,벤틀리,컨티넨탈 GT
356,재규어 E페이스 2018년형,재규어,E페이스
357,기아 K3 쿱 YK,기아,K3 쿱
358,크라이슬러 300C 2010년형,크라이슬러,300C
359,현대5톤,현대,메가트럭
360,현대 7세대 아반떼 CN7,현대,아반떼/7세대
361,벤츠 A-클래스 W176,메르세데스-벤츠,A-클래스
362,인피니티 G 쿠페 2011년형,인피니티,G 쿠페
363,현대2.5T 마이티2,현대,마이티
364,랜드로버 레인지로버 보그 2009년형,랜드로버,레인지로버 보그
365,캐딜락 세부 분류,캐딜락,
366,현대 아반떼 CN7,현대,아반떼/7세대
367,크라이슬러 300C 2008년형,크라이슬러,300C
368,닷지 램 픽업 2017년형,램,램 픽업
369,재규어 F페이스 2021년형,재규어,F페이스
370,아우디 Q5 2012년형,아우디,Q5
371,인피니티 G 시리즈 2010년형,인피니티,G 시리즈
372,인피니티 G 시리즈 2011년형,인피니티,G 시리즈
373,포드 S-MAX 2008년형,포드,S-MAX
374,아우디 Q3 2012년형,아우디,Q3
375,아우디 S6 2019년형,아우디,S6
376,혼다 시빅 2008년형,혼다,시빅
377,재규어 F페이스 2017년형,재규어,F페이스
378,현대 쏘나타 DN8 하이브리드,현대,쏘나타/8세대
379,쉐보레 C/K 1500 2012년형,쉐보레,C/K 1500
380,현대4.5톤,현대,메가트럭
381,현대5톤메가트럭,현대,메가트럭
382,아우디 S3 2016년형,아우디,S3
383,아우디 A4 2012년형,아우디,A4
384,아우디 A4 2014년형,아우디,A4
385,푸조 508SW 2020년형,푸조,508SW
386,마세라티 4200 GT 2020년형,마세라티,4200 GT
387,아우디 A8 2006년형,아우디,A8
388,아우디 A3 2016년형,아우디,A3
389,BMW 2 시리즈 F22/23,BMW,2 시리즈
390,벤츠 A-클래스 W177,메르세데스-벤츠,A-클래스
391,벤츠 A-클래스 W177: A45 AMG,메르세데스-벤츠,A-클래스
392,랜드로버 레인지로버 보그 2015년형,랜드로버,레인지로버 보그
393,벤츠 SLK-클래스 2010년형,메르세데스-벤츠,SLK-클래스
394,벤츠 GLS-클래스 2019년형,메르세데스-벤츠,GLS-클래스
395,토요타 도요타86 2015년형,토요타,도요타86
396,벤츠 GLE-클래스 2020년형,메르세데스-벤츠,GLE-클래스
397,벤츠 SLC-클래스 2019년형,메르세데스-벤츠,SLC-클래스
398,아우디 Q7 2007년형,아우디,Q7
399,아우디 A8 2013년형,아우디,A8
400,벤츠 C-클래스 W203,메르세데스-벤츠,C-클래스
401,벤츠 GLS-클래스 2016년형,메르세데스-벤츠,GLS-클래스
402,아우디 A4 2015년형,아우디,A4
403,벤츠 E-클래스 E400 4MATIC,메르세데스-벤츠,E-클래스
404,벤츠 E-클래스 E220d 4MATIC,메르세데스-벤츠,E-클래스
405,BMW M5 F10,BMW,M5
406,랜드로버 레인지로버 이보크 2012년형,랜드로버,레인지로버 이보크
407,사브 900 2007년형,사브,900
408,아우디 Q5 2011년형,아우디,Q5
409,크라이슬러 LHS 2006년형,크라이슬러,LHS
410,쉐보레 익스프레스밴 2006년형,쉐보레,익스프레스
411,혼다 시빅 2010년형,혼다,시빅
412,기아 하이브리드 포르테 쿱 XK,기아,포르테 쿱
413,아우디 Q3 2015년형,아우디,Q3
414,아우디 A5 2013년형,아우디,A5
415,재규어 F페이스 2020년형,재규어,F페이스
416,인피니티 G 쿠페 2007년형,인피니티,G 쿠페
417,벤츠 E-클래스 W123,메르세데스-벤츠,E-클래스
418,푸조 308 2016년형,푸조,308
419,볼보 XC70 2016년형,볼보,XC70
420,벤츠 S-클래스 2006년형,메르세데스-벤츠,S-클래스
421,벤츠 M-클래스 2012년형,메르세데스-벤츠,M-클래스
422,아우디 A8 2015년형,아우디,A8
423,닛산 주크 2017년형,닛산,주크
424,벤츠 GLE-클래스 2014년형,메르세데스-벤츠,GLE-클래스
425,아우디 Q7 2012년형,아우디,Q7
426,포드 익스플로러 2013년형,포드,익스플로러
427,아우디 A3 2015년형,아우디,A3
428,아우디 A7 2019년형,아우디,A7
429,벤츠 E-클래스 2015년형,메르세데스-벤츠,E-클래스
430,벤츠 S-클래스 2011년형,메르세데스-벤츠,S-클래스
431,벤츠 E-클래스 2016년형,메르세데스-벤츠,E-클래스
432,렉서스 SC 430,토요타,SC
433,벤츠 CL Class,메르세데스-벤츠,CL-클래스
0,렉스턴,쌍용,렉스턴
1,K7,기아,K7
2,투싼,현대,투싼
3,QM6,르노삼성,QM6
4,XM3,르노삼성,XM3
5,그랜저 IG,현대,그랜저/6세대
6,레이,기아,레이
7,더뉴그랜저(IG),현대,그랜저
8,쏘나타 dn8,현대,쏘나타/8세대
9,G90,제네시스,G90
10,K5,기아,K5
11,그랜저 IG 하이브리드,현대,그랜저
12,팰리세이드,현대,팰리세이드
13,XC60,볼보,XC60
14,쏘렌토 mq4,기아,쏘렌토
15,X3,BMW,X3
16,E클래스,메르세데스-벤츠,E-클래스
17,티볼리,쌍용,티볼리
18,모닝,기아,모닝
19,뉴SM6,르노삼성,SM6
20,쏘나타 YF,현대,쏘나타
21,아반떼,현대,아반떼
22,쏘나타 LF,현대,쏘나타/7세대
23,투싼 IX,현대,투싼
24,트레일블레이저,쉐보레,트레일블레이저
25,스파크,쉐보레,스파크
26,GV80,제네시스,GV80
27,G70,제네시스,G70
28,기아 트럭 3 EV 1열 봉고 PU,기아,봉고
29,스타렉스,현대,스타렉스
30,벨로스터,현대,벨로스터
31,싼타페 CM,현대,싼타페
32,K3,기아,K3
33,기아 와이드 1열 봉고 SR,기아,봉고
34,올뉴카니발,기아,카니발
35,뉴카니발,기아,카니발
36,코나,현대,코나
37,더뉴 K5,기아,K5
38,카니발,기아,카니발
39,G80,제네시스,G80
40,니로 하이브리드,기아,니로
41,셀토스,기아,셀토스
42,CT6,캐딜락,CT6
43,파나메라,포르쉐,파나메라
44,올뉴투싼 TL,현대,투싼
45,이쿼녹스,쉐보레,이쿼녹스
46,크루즈,쉐보레,크루즈
47,스포티지 QL,기아,스포티지
48,쏘나타 하이브리드,현대,쏘나타 하이브리드
49,그랜드스타렉스,현대,스타렉스
50,520d,BMW,5 시리즈
51,봉고3,기아,봉고
52,뉴렉스턴,쌍용,렉스턴
53,디올뉴G80,제네시스,G80
54,말리부,쉐보레,말리부
55,더뉴카니발,기아,카니발
56,트래버스,쉐보레,트래버스
57,에쿠스,현대,에쿠스
58,G4렉스턴,쌍용,렉스턴
59,S60,볼보,S60
60,아이오닉 하이브리드,현대,아이오닉
61,티볼리에어,쌍용,티볼리
62,트랙스,쉐보레,트랙스
63,X6,BMW,X6
64,싼타페 TM,현대,싼타페
65,현대 슈퍼캡 2 일렉트릭 1열 포터 HR,현대,포터
66,올뉴모닝,기아,모닝
67,카니발리무진,기아,카니발
68,쏘렌토,기아,쏘렌토
69,포터2,현대,포터
70,6시리즈 그란투리스모(GT),BMW,6 시리즈 그란투리스모
71,에스컬레이드,캐딜락,에스컬레이드
72,티볼리아머,쌍용,티볼리 아머
73,코란도,쌍용,코란도
74,싼타페,현대,싼타페
75,베뉴,현대,베뉴
76,CLA클래스,메르세데스-벤츠,CLA-클래스
77,현대 1열 포터,현대,포터
78,E220,메르세데스-벤츠,E-클래스
79,new C클래스,메르세데스-벤츠,C-클래스
80,GOLF GTI,폭스바겐,골프
81,뉴모닝,기아,모닝
82,다마스,한국GM,다마스
83,CLS클래스,메르세데스-벤츠,CLS-클래스
84,모하비,기아,모하비
85,ES300h,렉서스,ES
86,XC90,볼보,XC90
87,S500,메르세데스-벤츠,S-클래스
88,아반떼 ad,현대,아반떼
89,니로,기아,니로
90,i30,현대,i30
91,SOUL,기아,쏘울
92,E350,메르세데스-벤츠,E-클래스
93,K9,기아,K9
94,New코란도,쌍용,코란도
95,현대 더블캡 2 2열 포터 HR,현대,포터
96,그랜져,현대,그랜저
97,쏘나타,현대,쏘나타
98,뉴SM5,르노삼성,SM5
99,EQ900,제네시스,G90
100,쏘나타 뉴라이즈,현대,쏘나타/7세대
101,SM5,르노삼성,SM5
102,X5,BMW,X5
103,모하비 더마스터,기아,모하비
104,쏘나타 NF,현대,쏘나타
105,쉐보레/한국GM 다마스,쉐보레/한국GM,다마스
106,Jetta,폭스바겐,제타
107,그랜드카니발,기아,카니발
108,그랜져 TG,현대,그랜저
109,QM5,르노삼성,QM5
110,싼타페더스타일,현대,싼타페
111,뉴SM3,르노삼성,SM3
112,벨로스터JS,현대,벨로스터
113,포르테,기아,포르테
114,그랜저 HG,현대,그랜저
115,더뉴소렌토,기아,쏘렌토
116,포터,현대,포터
117,올뉴쏘렌토,기아,쏘렌토
118,싼타페 DM,현대,싼타페
119,아테온,폭스바겐,아테온
120,기아 1열 봉고,기아,봉고
121,올뉴K7,기아,K7
122,911카레라S,포르쉐,911
123,아반떼 MD,현대,아반떼
124,new E클래스,메르세데스-벤츠,E-클래스
125,코란도C,쌍용,코란도
126,현대 슈퍼캡 2 1열 포터 HR,현대,포터
127,뉴스포티지 R,기아,스포티지
128,올란도,쉐보레,올란도
129,E300,메르세데스-벤츠,E-클래스
130,sm5뉴임프레션,르노삼성,SM5
131,A6,아우디,A6
132,클리오,르노,클리오
133,기아 트럭 3 1열 봉고 PU,기아,봉고
134,GLA,메르세데스-벤츠,GLA-클래스
135,포터2 일렉트릭,현대,포터
136,아이오닉,현대,아이오닉
137,Q70,인피니티,Q70
138,QM3,르노삼성,QM3
139,XC40,볼보,XC40
140,SM6탈리스만,르노,탈리스만
141,기아 2열 봉고,기아,봉고
142,S클래스,메르세데스-벤츠,S-클래스
143,블레이저,쉐보레,블레이저
144,쏘렌토R,기아,쏘렌토
145,스포티지,기아,스포티지
146,K7 하이브리드,기아,K7
147,콜로라도,쉐보레,콜로라도
148,베라크루즈,현대,베라크루즈
149,현대 2열 포터,현대,포터
150,볼트EV,쉐보레,볼트EV
151,GOLF,폭스바겐,골프
152,A7,아우디,A7
153,서버번,쉐보레,서버번
154,GLK,메르세데스-벤츠,GLK-클래스
155,뉴스포티지,기아,스포티지
156,스토닉,기아,스토닉
157,sm5노바,르노삼성,SM5
158,GLE,메르세데스-벤츠,GLE-클래스
159,마이티 2.5T,현대,마이티
160,어코드,혼다,어코드
161,프라이드,기아,프라이드
162,아슬란,현대,아슬란
163,더넥스트스파크,쉐보레,스파크
164,3시리즈,BMW,3 시리즈
165,THE K9,기아,K9
166,스팅어,기아,스팅어
167,맥스크루즈,현대,맥스크루즈
168,올뉴스포티지,기아,스포티지
169,X4,BMW,X4
170,MKX,링컨,MKX
171,알페온,한국GM,알페온
172,i40,현대,i40
173,스포티지R,기아,스포티지
174,올뉴K3,기아,K3
175,IS 250,렉서스,IS
176,SM520,르노삼성,SM5
177,파사트,폭스바겐,파사트
178,더뉴레이,기아,레이
179,뉴카렌스,기아,카렌스
180,익스플로러,포드,익스플로러
181,Z4,BMW,Z4
182,MKZ,링컨,MKZ
183,X1,BMW,X1
184,캠리,토요타,캠리
185,라세티,GM대우,라세티
186,아발론,토요타,아발론
187,E-마이티 2,현대,마이티
188,뉴그랜져,현대,그랜저
189,SM3,르노삼성,SM3
190,싼타페TM,현대,싼타페
191,로체,기아,로체
192,300C,크라이슬러,300C
193,320d,BMW,3 시리즈
194,티구안,폭스바겐,티구안
195,그랜저IG,현대,그랜저/6세대
196,컨트리맨,미니,컨트리맨
197,아반떼ad,현대,아반떼
198,K7하이브리드,기아,K7
199,올뉴투싼TL,현대,투싼
200,싼타페DM,현대,싼타페
201,YF소나타,현대,쏘나타
202,그랜저HG,현대,그랜저
203,더뉴K5,기아,K5
204,싼타페CM,현대,싼타페
205,A클래스,메르세데스-벤츠,A-클래스
206,그랜저IG하이브리드,현대,그랜저
207,XT5,캐딜락,XT5
208,기블리,마세라티,기블리
209,A4,아우디,A4
210,뉴 액센트,현대,엑센트
211,투싼IX,현대,투싼
212,8시리즈,BMW,8 시리즈
213,라세티프리미어,GM대우,라세티
214,GLC,메르세데스-벤츠,GLC-클래스
215,아반떼HD,현대,아반떼
216,그랜져TG,현대,그랜저
217,체어맨,쌍용,체어맨
218,알티마,닛산,알티마
219,C클래스,메르세데스-벤츠,C-클래스
220,F-페이스,재규어,F-페이스
221,기아 봉고 버스,기아,봉고
222,Q3,아우디,Q3
223,마티즈크리에이티브,GM대우,마티즈
224,CR-V,혼다,CR-V
225,디스커버리4,랜드로버,디스커버리
226,C220,메르세데스-벤츠,C-클래스
227,6시리즈,BMW,6 시리즈
228,5시리즈,BMW,5 시리즈
229,캡쳐,르노,캡처
230,랭글러,지프,랭글러
231,e-트론,아우디,E-트론
232,쏘나타LF,현대,쏘나타/7세대
233,NF쏘나타,현대,쏘나타
234,NEW에쿠스,현대,에쿠스
235,V60,볼보,V60
236,Q50,인피니티,Q50
237,QX50,인피니티,QX50
238,맥시마,닛산,맥시마
239,스포티지QL,기아,스포티지
240,NewSM5,르노삼성,SM5
241,NewSM3,르노삼성,SM3
242,현대 그랜져,현대,그랜저
243,현대 포터2,현대,포터
244,SM7,르노삼성,SM7
245,테라칸,현대,테라칸
246,120D,BMW,1 시리즈
247,폭스바겐 Passat,폭스바겐,파사트
248,벤츠 E300,메르세데스-벤츠,E-클래스
249,기아 더뉴소렌토,기아,쏘렌토
250,현대 YF소나타,현대,쏘나타
251,현대 그랜져TG,현대,그랜저
252,2008,푸조,2008
253,현대 포터,현대,포터
254,로디우스,쌍용,로디우스
255,기아 SOUL,기아,쏘울
256,벤츠 new E-Class,메르세데스-벤츠,E-클래스
257,마티즈,GM대우,마티즈
258,폭스바겐 GOLF,폭스바겐,골프
259,뉴스타렉스,현대,스타렉스
260,카이런,쌍용,카이런
261,기아 NIRO,기아,니로
262,RAV4,토요타,RAV4
263,현대 뉴그랜져,현대,그랜저
264,500x,피아트,500X
265,티코,대우,티코
266,르노 캡쳐,르노,캡처
267,Audi A5,아우디,A5
268,윈스톰,GM대우,윈스톰
269,bmw 320d,BMW,3 시리즈
270,지프 COMPASS,지프,컴패스
271,528i,BMW,5 시리즈
272,NewSM7,르노삼성,SM7
273,솔라티,현대,쏠라티
274,현대 소나타 뉴라이즈,현대,쏘나타/7세대
275,쉐보레/한국GM 뉴 라보,쉐보레/한국GM,라보
276,S350,메르세데스-벤츠,S-클래스
277,벤츠 new C-Class,메르세데스-벤츠,C-클래스
278,혼다 오디세이,혼다,오딧세이
279,407SW,푸조,407
280,티구안 올스페이스,폭스바겐,티구안
281,bmw X5,BMW,X5
282,카니발하이리무진,기아,카니발
283,BMW X-6,BMW,X6
284,네비게이터,링컨,내비게이터
285,올뉴아반떼,현대,아반떼
286,기아 트럭 3 2열 봉고 PU,기아,봉고
287,토스카,GM대우,토스카
288,인피니티 G37,인피니티,G37
289,현대 넥소,현대,넥쏘
290,엑센트,현대,엑센트
291,E300Amg,메르세데스-벤츠,E-클래스
292,뉴쏘렌토R,기아,쏘렌토
293,bmw 530i,BMW,5 시리즈
294,프리우스,토요타,프리우스
295,폭스바겐 Golf TDI,폭스바겐,골프
296,리프,닛산,리프
297,Audi Q5,아우디,Q5
298,루비콘,지프,랭글러
299,GT,그랜드,투어러
300,현대 뉴그랜져 XG,현대,그랜저
301,AClass,메르세데스-벤츠,A-클래스
302,e-카운티,현대,카운티
303,BMW 7시리즈,BMW,7 시리즈
304,M4,BMW,M4
305,308CC,푸조,308
306,bmw 540i,BMW,5 시리즈
307,현대 소나타하이브리드,현대,쏘나타
308,도요타시에나,토요타,시에나
309,Audi S4,아우디,A4
310,E200,메르세데스-벤츠,E-클래스
311,시보레 콜로라도,쉐보레,콜로라도
312,렉스턴2,쌍용,렉스턴
313,프리마,타타대우,프리마
314,SM7노바,르노삼성,SM7
315,뉴카이엔,포르쉐,카이엔
316,카마로,쉐보레,카마로
317,카이엔,포르쉐,카이엔
318,G2X,GM대우,G2X
319,비스토,기아,비스토
320,bmw 520d 투어링,BMW,5 시리즈
321,AD,현대,아반떼
322,아베오,쉐보레,아베오
323,현대 2 1열 포터 HR,현대,포터
324,캡티바,쉐보레,캡티바
325,폭스바겐 Jetta,폭스바겐,제타
326,코티나,포드,코티나
327,현대 2 2열 포터 HR,현대,포터
328,그랜져5G,현대,그랜저/5세대
329,임팔라,쉐보레,임팔라
330,현대 마이티 WQ,현대,마이티
331,4시리스,BMW,4 시리즈
332,파일럿,혼다,파일럿
333,그라나다,포드,그라나다
334,벤츠 C220,메르세데스-벤츠,C-클래스
335,TESTSEST,테스트,뮬
336,벤츠 new S-Class,메르세데스-벤츠,S-클래스
337,New 액센트,현대,엑센트
338,아반떼XD,현대,아반떼
339,쉐보레/한국GM 라보,쉐보레/한국GM,라보
340,오피러스,기아,오피러스
341,기아 트럭 2열 봉고 3 PU,기아,봉고
342,메가트럭,현대,메가트럭
343,현대 1열 포터 2 HR,현대,포터
344,308SW,푸조,308
345,현대 2열 포터 2 HR,현대,포터
346,캐시카이,닛산,캐시카이
347,현대 마이티,현대,마이티
348,소형버스 LESTAR,자일대우버스,레스타
349,쎄라토,기아,쎄라토
350,포니,현대,포니
351,기아 트럭 1열 봉고 3 PU,기아,봉고
352,NX300,렉서스,NX
353,뉴체어맨,쌍용,체어맨
354,2011액센트 위트,현대,엑센트
355,라보,한국GM,라보
356,현대트럭메가,현대,메가트럭
357,카렌스,기아,카렌스
358,NIRO,기아,니로
359,S550,메르세데스-벤츠,S-클래스
360,마쯔다 2 (데미오) 2019년형,마쓰다,데미오
361,베르나,현대,베르나
362,트위지,르노,트위지
363,레조,GM대우,레조
364,로체이노베이션,기아,로체
365,S450,메르세데스-벤츠,S-클래스
366,뉴베르나,현대,베르나
367,아반떼MD,현대,아반떼
368,C220d 4matic,메르세데스-벤츠,C-클래스
369,마칸,포르쉐,마칸
370,아이오닉하이브리드,현대,아이오닉
371,포커스해치백,포드,포커스
372,옵티마,기아,옵티마
373,LF쏘나타,현대,쏘나타/7세대
374,카렌스2,기아,카렌스
375,마티즈2,GM대우,마티즈
376,포커스세단,포드,포커스
377,그랜져 XG,현대,그랜저
378,540i,BMW,5 시리즈
379,소나타 뉴라이즈,현대,쏘나타/7세대
380,소나타하이브리드,하이브리드,자동차
381,3008,푸조,3008
382,체어맨W,쌍용,체어맨
383,쥬크,닛산,쥬크
384,머스탱,포드,머스탱
385,뉴프라이드,기아,프라이드
386,타운카,링컨,타운카
387,NX300h,렉서스,NX
388,뉴아반떼XD,현대,아반떼
389,쉐보레/대우 뉴 라보,한국GM,라보
390,HR-V,혼다,HR-V
391,트라고,현대,트라고
392,5008,푸조,5008
393,프리랜더,랜드로버,프리랜더
394,SL클래스,메르세데스-벤츠,SL-클래스
395,베리타스VERITAS,GM대우,베리타스
396,오디세이,혼다,오딧세이
397,뉴비틀 Cabriolet,폭스바겐,비틀
398,타코마,토요타,타코마
399,윈스톰맥스,GM대우,윈스톰
400,BMWNEW7시리즈,BMW,7 시리즈
401,RX 450h,렉서스,RX
402,LS500,렉서스,LS
403,530i,BMW,5 시리즈
404,큐브,닛산,큐브
405,Golf TDI,폭스바겐,골프
406,EF쏘나타,현대,쏘나타
407,액티언스포츠,쌍용,액티언 스포츠
408,508SW,푸조,508
409,S400,메르세데스-벤츠,S-클래스
410,CTS,캐딜락,CTS
411,GLK클래스,메르세데스-벤츠,GLK-클래스
412,체어맨H,쌍용,체어맨
413,클릭,현대,클릭
414,2012프라이드,기아,프라이드
415,G330,현대,제네시스
416,뉴오피러스,기아,오피러스
417,420D,BMW,4 시리즈
418,118D,BMW,1 시리즈
419,레인지로버,랜드로버,레인지로버
420,520i,BMW,5 시리즈
421,GLE 350D 4MATICS,메르세데스-벤츠,GLE-클래스
422,디스커버리,랜드로버,디스커버리
423,525D,BMW,5 시리즈
424,포르테해치백(5-door),기아,포르테
425,레니게이드,지프,레니게이드
426,릿지라인,혼다,릿지라인
427,엑스트레일,닛산,엑스트레일
428,유콘 데날리,GMC,유콘
429,K5터보GDi,기아,K5
430,컨티넨탈,콘티넨탈,AG
431,시로코,폭스바겐,시로코
432,쉐보레/대우 라보,한국GM,라보
433,체이서,토요타,체이서
434,S90,볼보,S90
435,LF소나타,현대,쏘나타/7세대
436,리베로,현대,리베로
437,포르테쿠페,기아,포르테
438,기아 트럭 봉고 1열 3 PU,기아,봉고
439,기아 트럭 봉고 3 PU,기아,봉고
440,볼보 XC 2018년형,볼보,XC40
441,포터 2 HR,현대,포터
442,QM6 HZG,르노삼성,QM6
443,더뉴 K5 JF,기아,K5
444,더뉴 아반떼 AD,현대,아반떼/6세대
445,더뉴 i30 GD,현대,i30
446,K5 ,기아,K5
447,레이 TAM 더뉴,기아,레이
448,램밴,램,트럭스
449,330i,BMW,3 시리즈
450,STS,캐딜락,STS
451,아반떼 sport,현대,아반떼/6세대
452,Audi S6,아우디,A6
453,508,푸조,508
454,갤로퍼2,현대,갤로퍼
455,벤츠ML시리즈,메르세데스-벤츠,M-클래스
456,B클래스,메르세데스-벤츠,B-클래스
457,Passat Variant,폭스바겐,파사트
458,M37,닷지,M37
459,올뉴카렌스,기아,카렌스
460,뉴EF쏘나타,현대,쏘나타
461,툰드라,토요타,툰드라
462,C200ML,메르세데스-벤츠,C-클래스
463,젠트라,GM대우,젠트라
464,Golf GTD,폭스바겐,골프
465,액티언,쌍용,액티언
466,에쿠스리무진,현대,에쿠스
467,올뉴마티즈,GM대우,마티즈
468,올뉴크루즈,쉐보레,크루즈
469,디스커버리3,랜드로버,디스커버리
470,2011폭스바겐Jetta,폭스바겐,제타
471,BMWnew3시리즈,BMW,3 시리즈
472,i30cw,현대,i30
473,535d,BMW,5 시리즈
474,크루즈5,쉐보레,크루즈
475,카니발2,기아,카니발
476,G4 렉스턴,쌍용,렉스턴
477,에스페로,대우,에스페로
478,E페이스,재규어,E-페이스
479,GLS클래스,메르세데스-벤츠,GLS-클래스
480,SQ5,아우디,Q5
481,뉴그랜져 XG,현대,그랜저
482,C200카브리올레,메르세데스-벤츠,C-클래스
483,쏘나타3,현대,쏘나타
484,스펙트라,기아,스펙트라
485,갤로퍼,현대,갤로퍼
486,BMW 3시리즈컨버터블,BMW,3 시리즈
487,컴패스,지프,컴패스
488,무쏘,쌍용,무쏘
489,335XI,BMW,3 시리즈
490,A45 AMG,메르세데스-벤츠,A-클래스
491,E240,메르세데스-벤츠,E-클래스
492,E 350 coupe,메르세데스-벤츠,E-클래스
493,NX200T,렉서스,NX
494,F파입,재규어,F-타입
495,Audi A4 Cabriolet,아우디,A4
496,sm5 new impression,르노삼성,SM5
497,그랜드 스타렉스,현대,스타렉스
498,Audi R8,아우디,R8
499,올 뉴 마티즈,GM대우,마티즈
500,New SM7,르노삼성,SM7
501,체어맨 W,쌍용,체어맨
502,뉴코란도,쌍용,코란도
503,올뉴K5,기아,K5
504,프리우스V,토요타,프리우스
505,올 뉴 카니발,기아,카니발
506,뉴 쏘렌토R,기아,쏘렌토
507,ES 300h,렉서스,ES
508,카니발 리무진,기아,카니발
509,sm5 노바,르노삼성,SM5
510,BMW 3시리즈,BMW,3 시리즈
511,NEW SM6,르노삼성,SM6
512,마티즈 크리에이티브,GM대우,마티즈
513,뉴 카니발,기아,카니발
514,뉴 스포티지 R,기아,스포티지
515,올 뉴 스포티지,기아,스포티지
516,올 뉴 카렌스,기아,카렌스
517,Audi TT Coupe,아우디,TT 쿠페
518,싼타페 더스타일,현대,싼타페
519,뉴 오피러스,기아,오피러스
520,소나타 하이브리드,하이브리드,자동차
521,SM6 탈리스만,르노,탈리스만
522,뉴 스포티지,기아,스포티지
523,레인지로버 디스크버리 카라무,랜드로버,디스커버리
524,포르쉐  타이칸,포르쉐,타이칸
525,르노 캡쳐 ,르노,캡처
526,에어로타운,현대,에어로타운
527,노브스,타타대우,노부스
528,알파로메오줄리아,알파로메오,줄리아
529,지프 글라디에이터 JT,지프,글래디에이터
530,쏠라티,현대,쏠라티
531,플라잉스퍼,벤틀리,플라잉스퍼
532,올뉴마이티,현대,마이티
533,마이티,현대,마이티
534,대우  레죠,GM대우,레조
535,펠리세이드,현대,팰리세이드
536,누비라2,대우,누비라
537,E트론,아우디,E-트론
538,현대파비스,현대,파비스
539,V90,볼보,V90
540,현댜파비스,현대,파비스
541,다이너스티,현대,다이너스티
542,25.5T 덤프트럭,현대,엑시언트
543,덤프트럭 25.5T,현대,엑시언트
544,TM산타페,현대,싼타페
545,IG,현대,그랜저/6세대
546,쏘나타DN,현대,쏘나타
547,대우프리마25톤,타타대우,프리마
548,트럭 3 1열 봉고 PU,기아,봉고
549,5 시리즈 G30/31,BMW,5 시리즈
550,시트로엥 DS 2020년형,시트로엥,DS
551,테스트???,,테스트 뮬
552,시트로엥 DS,시트로엥,DS
553,TEST TEST TEST,테스트,뮬
554,쉐보레/한국GM 2 다마스,쉐보레/한국GM,다마스
555,마쯔다 6 (아텐자) 2019년형,마쓰다,아텐자
556,428i,BMW,4 시리즈
557,쉐보레/대우 다마스,한국GM,다마스
558,6그란쿠페,BMW,6 시리즈
559,911시리즈,포르쉐,911
560,6시리즈G32,BMW,6 시리즈
561,현대 포터 2열 2 HR,현대,포터
562,볼보 XC 2019년형,볼보,XC90
563,레인지로버 스포츠 2019년형,랜드로버,레인지로버 스포츠
564,G4 렉스턴 Y400,쌍용,렉스턴
565,F/L 투싼 TL,현대,투싼
566,뉴라이즈 HEV 쏘나타 LF,현대,쏘나타/7세대
567,CLS-클래스,메르세데스-벤츠,CLS-클래스
568,더 K9 RJ,기아,K9
569,4 시리즈,BMW,4 시리즈
570,E-클래스,메르세데스-벤츠,E-클래스
571,마티즈 2 M150,GM대우,마티즈
572,골프 2014년형,폭스바겐,골프
573,SM6 LFD,르노삼성,SM6
574,GLC-클래스 2019년형,메르세데스-벤츠,GLC-클래스
575,그랜저,현대,그랜저
576,퓨전 2011년형,포드,퓨전
577,EV 코나 OS,현대,코나
578,LS,렉서스,LS
579,코나 OS,현대,코나
580,뉴라이즈 쏘나타 LF,현대,쏘나타/7세대
581,3 시리즈,BMW,3 시리즈
582,더마스터 쏘렌토 UM,기아,쏘렌토
583,넥쏘 FE,현대,넥쏘
584,더뉴 카니발 YP,기아,카니발
585,NX 2019년형,렉서스,NX
586,S-클래스 2018년형,메르세데스-벤츠,S-클래스
587,G70 IK,제네시스,G70
588,익스플로러 2019년형,포드,익스플로러
589,카이엔 2016년형,포르쉐,카이엔
590,X1 F48,BMW,X1
591,CT6 2019년형,캐딜락,CT6
592,캠리 2019년형,토요타,캠리
593,티구안 2019년형,폭스바겐,티구안
594,올뉴 쏘렌토 UM,기아,쏘렌토
595,5 시리즈,BMW,5 시리즈
596,E-클래스 2019년형,메르세데스-벤츠,E-클래스
597,G80 DH,제네시스,G80
598,GLE-클래스 2019년형,메르세데스-벤츠,GLE-클래스
599,CLA-클래스 2019년형,메르세데스-벤츠,CLA-클래스
600,올뉴 K7 YG,기아,K7
601,올뉴 투싼 TL,현대,투싼
602,올뉴 카니발 YP,기아,카니발
603,PHEV 아이오닉 AE,현대,아이오닉
604,CUV 스토닉 YB,기아,스토닉
605,N 벨로스터 JS,현대,벨로스터
606,CLA-클래스 2017년형,메르세데스-벤츠,CLA-클래스
607,HEV 그랜저 IG,현대,그랜저/6세대
608,Neo SM3 L38,르노삼성,SM3
609,SS 카마로 6세대,쉐보레,카마로
610,스타렉스 TQ,현대,스타렉스
611,CT,렉서스,CT
612,노바 SM7 L47,르노삼성,SM7
613,S-클래스,메르세데스-벤츠,S-클래스
614,그랜저 ,현대,그랜저
615,K3 YD,기아,K3
616,E-클래스 2017년형,메르세데스-벤츠,E-클래스
617,쏘렌토 UM 더마스터,기아,쏘렌토
618,K7 YG 올뉴,기아,K7
619,스팅어 CK,기아,스팅어
620,그랜저 IG HEV,현대,그랜저
621,E-클래스 ,메르세데스-벤츠,E-클래스
622,이쿼녹스 3세대,쉐보레,이쿼녹스
623,E-클래스 2018년형,메르세데스-벤츠,E-클래스
624,Q5 ,아우디,Q5
625,티구안 2018년형,폭스바겐,티구안
626,쏘나타 YF HEV,현대,쏘나타
627,X6 E71/72,BMW,X6
628,캠리 2018년형,토요타,캠리
629,K5 JF 더뉴,기아,K5
630,스포티지 ,기아,스포티지
631,ES 2019년형,렉서스,ES
632,아발론 2018년형,토요타,아발론
633,CT 2017년형,렉서스,CT
634,투싼 ,현대,투싼
635,A8 2015년형,아우디,A8
636,스포티지 QL 더볼드,기아,스포티지
637,K9 RJ 더,기아,K9
638,코나 ,현대,코나
639,C-클래스 ,메르세데스-벤츠,C-클래스
640,캠리 ,토요타,캠리
641,아이오닉 ,현대,아이오닉
642,렉스턴 Y400 G4,쌍용,렉스턴
643,모하비 ,기아,모하비
644,모하비 HM 더뉴,기아,모하비
645,카니발 YP 더뉴,기아,카니발
646,QM6 ,르노삼성,QM6
647,G80 ,제네시스,G80
648,K9 ,기아,K9
649,코나 OS EV,현대,코나
650,아반떼 AD,현대,아반떼
651,i30 PD,현대,i30
652,CT ,렉서스,CT
653,G70 ,제네시스,G70
654,ES ,렉서스,ES
655,CLS-클래스 2019년형,메르세데스-벤츠,CLS-클래스
656,니로 DE PHEV,기아,니로
657,C-클래스 2017년형,메르세데스-벤츠,C-클래스
658,EQ900 HI,제네시스,EQ900(HI)
659,S-클래스 2016년형,메르세데스-벤츠,S-클래스
660,911,포르쉐,911
661,카니발 ,기아,카니발
662,쏘렌토 ,기아,쏘렌토
663,르반떼 ,마세라티,르반떼
664,EQ900 ,제네시스,G90
665,싼타페 ,현대,싼타페
666,파나메라 ,포르쉐,파나메라
667,CLS-클래스 ,메르세데스-벤츠,CLS-클래스
668,SM7 ,르노삼성,SM7
669,렉스턴 ,쌍용,렉스턴
670,SM6 ,르노삼성,SM6
671,쏘나타 ,현대,쏘나타
672,파사트 ,폭스바겐,파사트
673,아반떼 ,현대,아반떼
674,스팅어 ,기아,스팅어
675,X3 ,BMW,X3
676,GLC-클래스 ,메르세데스-벤츠,GLC-클래스
677,C-클래스,메르세데스-벤츠,C-클래스
678,GLC-클래스,메르세데스-벤츠,GLC-클래스
679,GLE-클래스,메르세데스-벤츠,GLE-클래스
680,6 시리즈,BMW,6 시리즈
681,ES,렉서스,ES
682,체로키,지프,체로키
683,SM6,르노삼성,SM6
684,넥쏘,현대,넥쏘
685,RX,렉서스,RX
686,7 시리즈,BMW,7 시리즈
687,XC,볼보,XC40
688,시빅,혼다,시빅
689,티구안올스페이스,폭스바겐,티구안
690,bB,토요타,bB
691,420i,BMW,4 시리즈
692,MKC,링컨,MKC
693,1 시리즈,BMW,1 시리즈
694,SLC,메르세데스-벤츠,SLC-클래스
695,GLS-클래스,메르세데스-벤츠,GLS-클래스
696,740i,BMW,7 시리즈
697,C 클래스,메르세데스-벤츠,C-클래스
698,Audi S8,아우디,S8
699,CT200h,렉서스,CT
700,V클래스,메르세데스-벤츠,V-클래스
701,S 클래스,메르세데스-벤츠,S-클래스
702,체어맨W리무진,쌍용,체어맨
703,SLK클래스,메르세데스-벤츠,SLK-클래스
704,투아렉,폭스바겐,투아렉
705,E 클래스,메르세데스-벤츠,E-클래스
706,M3,BMW,M3
707,르반떼,마세라티,르반떼
708,Audi A8 6.0,아우디,A8
709,G클래스,메르세데스-벤츠,G-클래스
710,i3,BMW,i3
711,640i GT,BMW,6 시리즈
712,M240i,BMW,2 시리즈
713,멕라렌 570S,맥라렌,570S
714,New Beetle,폭스바겐,비틀
715,Q60,인피니티,Q60
716,GL클래스,메르세데스-벤츠,GL-클래스
717,S클래스 쿠페,메르세데스-벤츠,S-클래스
718,9-3시리즈,사브,9-3
719,그란투리스모,,
720,LC500,렉서스,LC
721,XE,재규어,XE
722,콰트로포르테,마세라티,콰트로포르테
723,LS600hL,렉서스,LS
724,s600,메르세데스-벤츠,S-클래스
725,몬데오,포드,몬데오
726,시트로앵DS3,시트로엥,DS3
727,530d,BMW,5 시리즈
728,클벳,쉐보레,콜벳
729,Audi TT Roadster,아우디,TT 로드스터
730,QX60,인피니티,QX60
731,CLK클래스,메르세데스-벤츠,CLK-클래스
732,RS5,아우디,RS5
733,하이럭스서프,토요타,하이럭스
734,XJ시리즈,재규어,XJ
735,컨티넨탈 플라잉스퍼,벤틀리,컨티넨탈 플라잉스퍼
736,D2,즈더우,D2
737,컨티넨탈GT,그랜드,투어러
738,Q30s,인피니티,Q30
739,INFINITI G37 COUPE,인피니티,G37 쿠페
740,폭스바겐 Phaeton,폭스바겐,페이톤
741,캘리포니아30,페라리,캘리포니아
742,535i,BMW,5 시리즈
743,토요타86,토요타,86
744,RX450,렉서스,RX
745,아웃랜더,미쓰비시,아웃랜더
746,프리우스프라임,토요타,프리우스
747,INFINITI G37 CONVERTIBLE,인피니티,G37 컨버터블
748,M6,BMW,M6
749,쿠가,포드,쿠가
750,INFINITI FX35,인피니티,FX35
751,벤츠 My B,메르세데스-벤츠,B-클래스
752,m2,BMW,M2
753,엑티브투어러,BMW,2 시리즈
754,C200 ML,메르세데스-벤츠,C-클래스
755,i8,BMW,i8
756,이스케이프,포드,이스케이프
757,INFINITI G35 SEDAN,인피니티,G35 세단
758,BMW NEW7시리즈,BMW,7 시리즈
759,E300 Amg,메르세데스-벤츠,E-클래스
760,올 뉴 크루즈,쉐보레,크루즈
761,BMW 6시리즈,BMW,6 시리즈
762,4 시리스,BMW,4 시리즈
763,포르테 해치백(5-door),기아,포르테
764,포르테 쿠페,기아,포르테
765,쉐보레/한국GM 뉴 다마스,쉐보레/한국GM,다마스
766,지프 글라디에이터,지프,글래디에이터
767,현대 마이티 ,현대,마이티
768,현대 슈퍼캡 1열 포터 AH,현대,포터
769,현대 더블캡 뉴 2열 포터 AU,현대,포터
770,봉고1.2T,기아,봉고
771,카이엔 쿠페,포르쉐,카이엔
772,마이티 2.5톤 카고 슈퍼캡,현대,마이티
773,현대자동차 포터2,현대,포터
774,현대 슈퍼캡 뉴 1열 포터 AU,현대,포터
775,현대 올뉴마이티,현대,마이티
776,아반테,현대,아반떼
777,현대 올뉴마이티 윙바디,현대,마이티
778,한성8.5톤플러스카고,기아,AM트럭
779,이-에어로타운,현대,에어로타운
780,기아 스팩트라,기아,스펙트라
781,레스타,자일대우버스,레스타
782,이스타나,쌍용,이스타나
783,GOIF 2.0 TDI,폭스바겐,골프
784,마이티3.5TON,현대,마이티
785,유니버스,현대,유니버스
786,마이티카고,현대,마이티
787,2007년 대우 레조,GM대우,레조
788,메가트럭 4.5,현대,메가트럭
789,2.5T 마이티,현대,마이티
790,말리브,쉐보레,말리부
791,카운티,현대,카운티
792,스팩트라,기아,스펙트라
793,노부스 5톤 크레인만 썬팅,타타대우,노부스
794,mq4,기아,쏘렌토
795,대우프리마,타타대우,프리마
796,카니발 9인승,기아,카니발
797,5TON매가트럭,현대,메가트럭
798,마이티3.5T,현대,마이티
799,함코7.5톤 트럭,현대,메가트럭
800,마이티큐티,현대,마이티
801,매가트럭 5TON,현대,메가트럭
802,올뉴마이티WQ3.5,현대,마이티
803,마이티 윙바디,현대,마이티
804, 마이티3.5,현대,마이티
805,마이티 3.5톤,현대,마이티
806,메가트럭5톤,현대,메가트럭
807,펜콘 IX5,펜곤,ix5
808,대우 노부스,타타대우,노부스
809,대우 레스타,자일대우버스,레스타
810,2 1열 포터 HR,현대,포터
811,아반떼XD스포츠,현대,아반떼
812,OUTBACK,스바루,아웃백
813,bmw Z4,BMW,Z4
814,옵티마리갈,기아,옵티마
815,리오,기아,리오
816,bmw 420D,BMW,4 시리즈
817,현대 뉴 1열 포터 AU,현대,포터
818,벤자,토요타,벤자
819,카이엔GTS,포르쉐,카이엔
820,bmw 420i,BMW,4 시리즈
821,싼타모,현대,싼타모
822,LM,렉서스,LM
823,퓨전,포드,퓨전
824,쉐보레/대우 뉴 다마스,한국GM,다마스
825,프레지오,기아,프레지오
826,매그너스,GM대우,매그너스
827,엘란트라,현대,엘란트라
828,더비틀,폭스바겐,비틀
829,투스카니,현대,투스카니
830,118i,BMW,1 시리즈
831,X-TREK,기아,카렌스
832,대우트럭(24톤),대우,차세대트럭
833,랜드크루져,토요타,랜드크루저
834,GLS500,메르세데스-벤츠,GLS-클래스
835,M30d,인피니티,M30d
836,프레스토,현대,프레스토
837,GS450h,렉서스,GS
838,다이하츠코펜,다이하츠,코펜
839,C-HR,토요타,C-HR
840,Touareg,폭스바겐,투아렉
841,현대 포터 2 HR,현대,포터
842,SM7 Ex2,르노삼성,SM7
843,XC 2019년형,볼보,XC
844,더뉴 스파크 M400,쉐보레,스파크
845,RX 2019년형,렉서스,RX
846,더뉴 트랙스 U200,쉐보레,트랙스
847,PHEV 니로 DE,기아,니로
848,올뉴 K3 BD,기아,K3
849,임팔라 10세대,쉐보레,임팔라
850,더뉴 아반떼 MD,현대,아반떼/6세대
851,5 시리즈 GT,BMW,5 시리즈
852,더볼드 스포티지 QL,기아,스포티지
853,F/L 말리부 V400,쉐보레,말리부
854,더프라임 싼타페 DM,현대,싼타페
855,스타렉스 A1,현대,스타렉스
856,투싼 TL F/L,현대,투싼
857,쏘나타 LF 뉴라이즈,현대,쏘나타/7세대
858,SM5 L43 노바,르노삼성,SM5
859,K3 ,기아,K3
860,아반떼 AD 더뉴,현대,아반떼/6세대
861,NX ,렉서스,NX
862,말리부 V400 F/L,쉐보레,말리부
863,스타렉스 TQ 더뉴그랜드,현대,스타렉스
864,아반떼 MD 더뉴,현대,아반떼
865,쏘렌토 XM R,기아,쏘렌토
866,X3 G01,BMW,X3
867,디스커버리 2015년형,랜드로버,디스커버리
868,모닝 JA 올뉴,기아,모닝
869,티볼리 ,쌍용,티볼리
870,E-클래스 2015년형,메르세데스-벤츠,E-클래스
871,K7 ,기아,K7
872,SM5 L43 뉴신형,르노삼성,SM5
873,트랙스 ,쉐보레,트랙스
874,SM5 ,르노삼성,SM5
875,니로 ,기아,니로
876,봉고 ,기아,봉고
877,RX ,렉서스,RX
878,5 시리즈 ,BMW,5 시리즈
879,말리부 ,쉐보레,말리부
880,크루즈 ,쉐보레,크루즈
881,EOS,폭스바겐,이오스
882,말리부 undefined,쉐보레,말리부
883,싼타페 undefined,현대,싼타페
884,그랜저 undefined,현대,그랜저
885,NX,렉서스,NX
886,볼트,쉐보레,볼트EV
887,R8,아우디,R8
888,A8,아우디,A8
889,G25,인피니티,G25
890,B-클래스,메르세데스-벤츠,B-클래스
891,INFINITI G35 COUPE,인피니티,G35 쿠페
892,VQ35,,
893,벤츄라밴,에이스,벤추라
894,X타입,재규어,X-타입
895,A3,아우디,A3
896,오딧세이,혼다,오딧세이
897,트랜짓,포드,트랜짓
898,뉴그랜버드,기아,그랜버드
899,F-Type,재규어,F-타입
900,랭글러 시리즈,지프,랭글러
901,XC 시리즈,볼보,XC40
902,B 클래스,메르세데스-벤츠,B-클래스
903,220D,BMW,2 시리즈
904,노부스,타타대우,노부스
905,레가시,스바루,레거시
906,크레도스,기아,크레도스
907,허슬러,스즈키,허슬러
908,SRX,캐딜락,SRX
909,DS5,시트로엥,DS5
910,c300,메르세데스-벤츠,C-클래스
911,렌서,미쓰비시,랜서
912,유노스로드스터,마쓰다,MX-5
913,칼로스,GM대우,칼로스
914,G2크루즈,쉐보레,크루즈
915,뉴무쏘,쌍용,무쏘
916,리오SF,기아,리오
917,뮬산,벤틀리,뮬산
918,벤츠GLK,메르세데스-벤츠,GLK-클래스
919,젠트라 X,GM대우,젠트라
920,혼다INSIGHT,혼다,인사이트
921,아토스,현대,아토스
922,벤츠220,메르세데스-벤츠,E-클래스
923,9-5시리즈,사브,9-5
924,BB,토요타,bB
925,그레이스,현대,그레이스
926,브로엄,대우,브로엄
927,뉴스펙트라윙,기아,스펙트라
928,BH090,자일대우버스,BH
929,스테이츠맨,GM대우,스테이츠맨
930,짐니,스즈키,짐니
931,넥시아,쉐보레,넥시아
932,라비타,현대,라비타
933,도요타 코롤라,토요타,코롤라
934,크로스투어,혼다,크로스투어
935,2012 프라이드,기아,프라이드
936,도요타 시에나,토요타,시에나
937,그랜져 5G,현대,그랜저/5세대
938,뉴 카렌스,기아,카렌스
939,벤츠 new SL-Class,메르세데스-벤츠,SL-클래스
940,옵티마 리갈,기아,옵티마
941,BMW new3시리즈,BMW,3 시리즈
942,2011 액센트 위트,현대,엑센트
943,크루즈 5,쉐보레,크루즈
944,SM7 노바,르노삼성,SM7
945,C200 카브리올레,메르세데스-벤츠,C-클래스
946,G2 크루즈,쉐보레,크루즈
947,현대트럭 메가,현대,메가트럭
948,6 그란쿠페,BMW,6 시리즈
949,뉴 프라이드,기아,프라이드
950,에쿠스 리무진,현대,에쿠스
951,GS  F Sport,렉서스,GS
952,S7,살린,S7
0,렉서스 IS 2019년형,렉서스,IS
1,볼보 2세대 크로스컨트리 V60 더 뉴,볼보,V60
2,르노삼성 뉴 QM5 H45,르노삼성,QM5
3,재규어 XE 2018년형,재규어,XE
4,쉐보레/한국GM 올란도 J309,쉐보레/한국GM,올란도
5,쉐보레/한국GM 세부 분류,쉐보레/한국GM,
6,기아 세부 분류,기아,
7,현대 세부 분류,현대,
8,링컨 MKS 2019년형,링컨,MKS
9,닷지 니트로 2020년형,닷지,니트로
10,다이하쓰 미라 2020년형,다이하쓰,미라
11,마쯔다 5 2020년형,마쯔다,5
12,다이하쓰 마테리아 2020년형,다이하쓰,마테리아
13,링컨 MKS 2017년형,링컨,MKS
14,로터스 2-일레븐 2019년형,로터스,2-일레븐
15,쉐보레/대우 크루즈,쉐보레,크루즈
16,미니 2열 쿠퍼 2014년형,미니,2열 쿠퍼
17,쉐보레/대우 트랙스,쉐보레,트랙스
18,쉐보레/대우 스파크,쉐보레,스파크
19,쉐보레/대우 볼트,쉐보레,볼트
20,링컨 MKX 2019년형,링컨,MKX
21,벤츠 세부 분류,메르세데스-벤츠,
22,폭스바겐 투아렉 2021년형,폭스바겐,투아렉
23,재규어 XJ 2014년형,재규어,XJ
24,포르쉐 911 2014년형,포르쉐,911
25,미니3도어,미니,2열 쿠퍼
26,미니 쿠퍼 F55/F56,미니,쿠퍼
27,미니 뉴 쿠퍼 컨버터블 F57,미니,쿠퍼 컨버터블
28,인피니티 G 시리즈 2020년형,인피니티,G 시리즈
29,인피니티 Q 시리즈 2018년형,인피니티,Q 시리즈
30,BMW 세부 분류,BMW,
31,스바루 아웃백 2010년형,스바루,아웃백
32,아우디 S8 2021년형,아우디,S8
33,BMW 6 시리즈 F06/12/13,BMW,6 시리즈
34,벤츠 마이바흐 X222,메르세데스-벤츠,마이바흐
35,아우디 RS5 2014년형,아우디,RS4
36,미니 쿠퍼 R56,미니,쿠퍼
37,인피니티 Q 시리즈 2015년형,인피니티,Q 시리즈
38,닷지 캘리버 2011년형,닷지,캘리버
39,볼보 V90 2021년형,볼보,V90
40,인피니티 QX 2019년형,인피니티,QX
41,인피니티 QX 2020년형,인피니티,QX
42,인피니티 Q 시리즈 2020년형,인피니티,Q 시리즈
43,르노삼성 QM5 H45,르노삼성,QM5
44,재규어 XF 2010년형,재규어,XF
45,포르쉐 박스터 2015년형,포르쉐,박스터
46,링컨 코세어 2021년형,링컨,코세어
47,포르쉐 세부 분류,포르쉐,
48,링컨 컨티넨탈 2017년형,링컨,컨티넨탈
49,르노삼성 세부 분류,르노삼성,
50,렉서스 CT 2015년형,렉서스,CT
51,렉서스 ES 2010년형,렉서스,ES
52,렉서스 IS 2014년형,렉서스,IS
53,포르쉐 마칸 2018년형,포르쉐,마칸
54,링컨 MKX 2021년형,링컨,MKX
55,링컨 MKZ 2015년형,링컨,MKZ
56,인피니티 QX 2014년형,인피니티,QX
57,미니쿠퍼 JCW,미니,쿠퍼
58,아우디 세부 분류,아우디,
59,크라이슬러 비전 2021년형,크라이슬러,비전
60,포르쉐 911 2015년형,포르쉐,911
61,아우디 Q5 2014년형,아우디,Q5
62,재규어 XJ 2020년형,재규어,XJ
63,동풍소콘 FENGON IX5,동풍소콘,펜곤 ix5
64,다이하쓰 마테리아 2019년형,다이하쓰,마테리아
65,BMW 미니,BMW,미니
66,인피니티 JX 2020년형,인피니티,JX
67,닛산 NV밴 2020년형,닛산,NV밴
68,푸조 307SW 2019년형,푸조,307SW
69,미니 쿠퍼 2017년형,미니,쿠퍼
70,미니 쿠퍼 2015년형,미니,쿠퍼
71,미니 쿠퍼 2011년형,미니,쿠퍼
72,렉서스 LS 2019년형,렉서스,LS
73,미니 2열 쿠퍼 2020년형,미니,2열 쿠퍼
74,스마트 포투 2019년형,스마트,포투
75,미니 쿠퍼 2019년형,미니,쿠퍼
76,인피니티 M 시리즈 2013년형,인피니티,M 시리즈
77,마쯔다 MX 2020년형,마쯔다,MX
78,미니 쿠퍼 2020년형,미니,쿠퍼
79,벤츠 마이바흐 2019년형,메르세데스-벤츠,마이바흐
80,롤스로이스 던 2019년형,롤스로이스,던
81,미니 쿠퍼 2006년형,미니,쿠퍼
82,인피니티 Q 시리즈 2019년형,인피니티,Q 시리즈
83,렉서스 ES 2011년형,렉서스,ES
84,벤츠 마이바흐 2016년형,메르세데스-벤츠,마이바흐
85,아우디 SQ 2015년형,아우디,SQ
86,미니 쿠퍼 2018년형,미니,쿠퍼
87,마세라티 그란카브리오 2017년형,마세라티,그란카브리오
88,렉서스 IS 2006년형,렉서스,IS
89,미니 2열 쿠퍼 2019년형,미니,2열 쿠퍼
90,캐딜락 XT5 2018년형,캐딜락,XT5
91,미니 쿠퍼 컨버터블 2018년형,미니,쿠퍼 컨버터블
92,BMW M6 F06/12/13,BMW,M6
93,미니 쿠퍼 컨버터블 2019년형,미니,쿠퍼 컨버터블
94,재규어 XKR 2013년형,재규어,XKR
95,재규어 XJ6 2006년형,재규어,XJ6
96,인피니티 M 시리즈 2015년형,인피니티,M 시리즈
97,미니 쿠퍼 컨버터블 2014년형,미니,쿠퍼 컨버터블
98,닷지 다코타 2019년형,닷지,다코타
99,포르쉐 911 2019년형,포르쉐,911
100,롤스로이스 레이스 2018년형,롤스로이스,레이스
101,렉서스 IS 2011년형,렉서스,IS
102,미니 1열 쿠퍼,미니,1열 쿠퍼
103,미니 1열 쿠퍼 2010년형,미니,1열 쿠퍼
104,현대 (구) 제네시스,현대,제네시스
105,이스즈 뮤 2019년형,이스즈,뮤
106,미니 컨트리맨 2018년형,미니,컨트리맨
107,미니5도어,미니,5도어
108,2011미니쿠퍼클럽맨,미니,클럽맨
109,2011미니쿠퍼,미니,쿠퍼
110,인피니티 Q 시리즈 2014년형,인피니티,Q 시리즈
111,링컨 MKX 2017년형,링컨,MKX
112,미니쿠퍼2세대,미니,쿠퍼
113,인피니티 G 시리즈 2007년형,인피니티,G 시리즈
114,쌍용 액티언 C100,쌍용,액티언
115,인피니티 QX 2015년형,인피니티,QX
116,인피니티 M 시리즈 2008년형,인피니티,M 시리즈
117,랜드로버 레인지로버 2008년형,랜드로버,레인지로버
118,인피니티 세부 분류,인피니티,
119,인피니티 Q 시리즈 2017년형,인피니티,Q 시리즈
120,인피니티 M 시리즈 2010년형,인피니티,M 시리즈
121,르노 마스터 2021년형,르노,마스터
122,랜드로버 디스커버리 2008년형,랜드로버,디스커버리
123,폭스바겐 골프 2018년형,폭스바겐,골프
124,링컨 MKS 2011년형,링컨,MKS
125,폭스바겐 CC 2009년형,폭스바겐,CC
126,쌍용 세부 분류,쌍용,
127,재규어 XJ 2018년형,재규어,XJ
128,쉐보레/한국GM 마티즈 클래식,쉐보레/한국GM,마티즈
129,시트로엥 DS5 2014년형,시트로엥,DS5
130,포르쉐 911 2017년형,포르쉐,911
131,미니 쿠퍼 R58,미니,쿠퍼
132,마세라티 그란투리스모 2015년형,마세라티,그란투리스모
133,BMW 미니쿠퍼  컨트리맨,BMW,1 시리즈
134,미니쿠페,미니,쿠퍼
135,포르쉐 카이맨 2021년형,포르쉐,카이맨
136,미니 쿠퍼 2013년형,미니,쿠퍼
137,GMC 벤츄라 2020년형,GMC,벤츄라
138,GMC 사바나밴 2020년형,GMC,사바나밴
139,GMC 벤츄라 2019년형,GMC,벤츄라
140,인피니티 FX 2009년형,인피니티,FX
141,푸조 307 2008년형,푸조,307
142,재규어 XJ 2016년형,재규어,XJ
143,스바루 포레스터 2011년형,스바루,포레스터
144,아우디 S4 2011년형,아우디,S4
145,다이하쓰 미라지노 2018년형,다이하쓰,미라지노
146,미니 쿠퍼 2014년형,미니,쿠퍼
147,스바루 포레스터 2015년형,스바루,포레스터
148,미니 2열 쿠퍼 2017년형,미니,2열 쿠퍼
149,닷지 램 밴 2020년형,닷지,램 밴
150,재규어 XJ 2008년형,재규어,XJ
151,올즈모빌 88LSS 2019년형,올즈모빌,88LSS
152,렉서스 IS 2015년형,렉서스,IS
153,인피니티 Q 시리즈 2010년형,인피니티,Q 시리즈
154,볼보 V60 2015년형,볼보,V60
155,쉐보레/대우 아베오,쉐보레,아베오
156,미니 쿠퍼 2009년형,미니,쿠퍼
157,포르쉐 카이맨 2008년형,포르쉐,카이맨
158,미니쿠퍼쿠페,미니,쿠퍼
159,어울림모터스 스피라 2018년형,어울림모터스,스피라
160,미니 1열 쿠퍼 2019년형,미니,2열 쿠퍼
161,쌍용 렉스턴 스포츠 Q150,쌍용,렉스턴 스포츠
162,2011 미니쿠퍼컨퍼터블,미니,쿠퍼 컨버터블
163,인피니티 FX50,인피니티,FX
164,제네시스쿠페,현대,제네시스 쿠페
165,더뉴제네시스쿠페,현대,더 뉴 제네시스 쿠페
166,BMW X5 M F85,BMW,X5 M
167,쌍용 칸 렉스턴 스포츠 Q200,쌍용,렉스턴 스포츠
168,쌍용 렉스턴 스포츠 Q200,쌍용,렉스턴 스포츠
169,테슬라 모델 X 2019년형,테슬라,모델 X
170,랜드로버 디스커버리 2020년형,랜드로버,디스커버리
171,쌍용 더뉴 렉스턴 스포츠 Q150,쌍용,렉스턴 스포츠
172,현대 더뉴 제네시스 쿠페 BK,현대,더 뉴 제네시스 쿠페
173,쌍용 코란도 투리스모 A170,쌍용,코란도 투리스모
174,지프 그랜드 체로키 2020년형,지프,체로키
175,BMW X6 M F96,BMW,X6 M
176,시트로엥 DS7 2020년형,시트로엥,DS7
177,랜드로버 디스커버리 스포츠 2016년형,랜드로버,디스커버리 스포츠
178,랜드로버 디스커버리 2018년형,랜드로버,디스커버리
179,랜드로버 레인지로버 스포츠 2012년형,랜드로버,레인지로버 스포츠
180,시트로엥 C5 에어크로스 2021년형,시트로엥,C5 에어크로스
181,랜드로버 레인지로버 스포츠 2021년형,랜드로버,레인지로버 스포츠
182,포르쉐 박스터 2014년형,포르쉐,박스터
183,포르쉐 카레라GT 2016년형,포르쉐,카레라GT
184,포르쉐 카레라GT 2017년형,포르쉐,카레라GT
185,랜드로버 레인지로버 스포츠 2015년형,랜드로버,레인지로버 스포츠
186,BMW X6 M F86,BMW,X6 M
187,랜드로버 디스커버리 스포츠 2018년형,랜드로버,디스커버리 스포츠
188,BMW X5 M E70,BMW,X5 M
189,포르쉐 718 2016년형,포르쉐,718
190,토요타 FJ크루져 2013년형,토요타,FJ크루져
191,랜드로버 디스커버리 스포츠 2020년형,랜드로버,디스커버리 스포츠
192,포르쉐 카이맨 2011년형,포르쉐,카이맨
193,포르쉐 718 2020년형,포르쉐,718
194,포르쉐 718 2019년형,포르쉐,718
195,포르쉐 박스터 2020년형,포르쉐,박스터
196,테슬라 모델 3 2019년형,테슬라,모델 3
197,테슬라 모델 3 2020년형,테슬라,모델 3
198,포르쉐 박스터 2019년형,포르쉐,박스터
199,시트로엥 DS7 2018년형,시트로엥,DS7
200,마쯔다 AZ 2020년형,마쯔다,AZ
201,테슬라 모델 S 2019년형,테슬라,모델 S
202,랜드로버 레인지로버 이보크 2020년형,랜드로버,레인지로버 이보크
203,포드 F-시리즈 2012년형,포드,F-시리즈
204,지프 체로키 2011년형,지프,체로키
205,시트로엥 C4 칵투스 2016년형,시트로엥,C4 칵투스
206,쌍용 코란도 투리스모 A150,쌍용,코란도 투리스모
207,랜드로버 레인지로버 벨라 2019년형,랜드로버,레인지로버 벨라
208,랜드로버 레인지로버 벨라 2020년형,랜드로버,레인지로버 벨라
209,포드 F-시리즈 2019년형,포드,F-시리즈
210,포드 F-시리즈 2011년형,포드,F-시리즈
211,테슬라 모델 S 2020년형,테슬라,모델 S
212,랜드로버 레인지로버 이보크 2019년형,랜드로버,레인지로버 이보크
213,제네시스 쿠페,현대,제네시스 쿠페
214,포드 F-시리즈 2015년형,포드,F-시리즈
215,포드 F-시리즈 2016년형,포드,F-시리즈
216,지프 그랜드 체로키,지프,체로키
217,시트로엥 C4 칵투스 2018년형,시트로엥,C4 칵투스
218,랜드로버 디스커버리 스포츠 2012년형,랜드로버,디스커버리 스포츠
219,랜드로버 레인지로버 스포츠 2010년형,랜드로버,레인지로버 스포츠
220,랜드로버 디스커버리 스포츠 2015년형,랜드로버,디스커버리 스포츠
221,랜드로버 레인지로버 스포츠 2008년형,랜드로버,레인지로버 스포츠
222,포드 E-시리즈 2021년형,포드,E-시리즈
223,랜드로버 레인지로버 이보크 2018년형,랜드로버,레인지로버 이보크
224,크라이슬러 캐러밴 2012년형,크라이슬러,캐러밴
225,랜드로버 레인지로버 이보크 2016년형,랜드로버,레인지로버 이보크
226,포드 F-시리즈 2013년형,포드,F-시리즈
227,닛산 370Z Z34,닛산,370Z
228,랜드로버 레인지로버 이보크 2015년형,랜드로버,레인지로버 이보크
229,지프 그랜드체로키,지프,체로키
230,시트로엥 C4 피카소 2016년형,시트로엥,C4 피카소
231,랜드로버 디스커버리 스포츠 2014년형,랜드로버,디스커버리 스포츠
232,포르쉐 카레라GT 2019년형,포르쉐,카레라GT
233,포드 F-시리즈 2018년형,포드,F-시리즈
234,페라리 488 2018년형,페라리,488
235,페라리458스페셜,페라리,458
236,벤츠 GT-클래스 GT63 S AMG 4DOOR X290,메르세데스-벤츠,GT-클래스
237,벤츠 GT-클래스 GT43 AMG 4DOOR X290,메르세데스-벤츠,GT-클래스
238,벤츠 GT-클래스 GT63 AMG 4DOOR X290,메르세데스-벤츠,GT-클래스
239,벤츠 E-클래스 카브리올레 A207,메르세데스-벤츠,E-클래스
240,비이스만 로드스터 2019년형,비이스만,로드스터
241,벤츠 GT-클래스 X290 GT43 AMG 4DOOR,메르세데스-벤츠,GT-클래스
242,벤츠 GT-클래스 GT43 AMG 4DOOR,메르세데스-벤츠,GT-클래스
243,벤츠 GT-클래스 GT63 AMG 4DOOR,메르세데스-벤츠,GT-클래스
244,벤츠 E-클래스 쿠페 C207,메르세데스-벤츠,E-클래스
245,BMW 3 시리즈 F30/31/34,BMW,3 시리즈
246,BMW 3 시리즈 E90/91/92/93,BMW,3 시리즈
247,미니 SE (EV) 2열 쿠퍼 F56,미니,2열 쿠퍼
248,BMW 4 시리즈 F32/33/36,BMW,4 시리즈
249,BMW M3 E90/92/93,BMW,M3
250,BMW 7 시리즈 E65/66/67/68,BMW,7 시리즈
0,렉스턴스포츠,쌍용,렉스턴 스포츠
1,렉스턴스포츠Q200,쌍용,렉스터 스포츠
2,그랜드체로키,지프,체로키
3,모델 3,테슬라,모델 3
4,모델 X,테슬라,모델 X
5,모델 S,테슬라,모델 S
6,X6M,BMW,X6 M
7,랜드로버 이보크,랜드로버,레인지로버 이보크
8,코란도스포츠,쌍용,코란도 스포츠
9,그랜트채로키,지프,체로키
10,코란도투리스모,쌍용,코란도 투리스모
11,기타,,
12,랜드로버 벨라,랜드로버,레인지로버 벨라
13,C4칵투스,시트로엥,C4 칵투스
14,트라제XG,현대,트라제XG
15,C4피카소,시트로엥,C4 피카소
16,F150,포드,F 시리즈
17,ATS,케딜락,ATS
18,레인지로버스포츠,랜드로버,레인지로버 스포츠
19,디스커버리스포츠,랜드로버,디스커버리 스포츠
20,벨라,랜드로버,레인지로버 벨라
21,이보크,랜드로버,레인지로버 이보크
22,렉스턴 스포츠,쌍용,렉스턴 스포츠
23,코란도 스포츠,쌍용,코란도 스포츠
24,코란도 투리스모,쌍용,코란도 투리스모
25,테슬라 모델3,테슬라,모델 3
26,렉스턴 스포츠 Q200,쌍용,렉스턴 스포츠
27,718 2019년형,포르쉐,718
28,V50 ,볼보,V50
29,레인지로버 스포츠,랜드로버,레인지로버 스포츠
30,박스터,포르쉐,718
31,타르가,포르쉐,911
32,488 스파이더,페라리,488
33,C4 GREND PICASO,시트로엥,그랜드 피카소
34,칸 렉스턴 스포츠 Q200,쌍용,렉스턴 스포츠
35,DB9,애스턴마틴,DB9
36,911터보,포르쉐,911
37,SLS,메르세데스-벤츠,SLS AMG
38,F-시리즈,포드,F 시리즈
39,그란투리스모 (GT),,
40,피카소C4,시트로엥,C4 피카소
41,그랜드보이저,크라이슬러,보이저
42,FJ크루져,토요타,FJ크루져
43,디스커버리 스포츠,랜드로버,디스커버리 스포츠
44,그랜트 채로키,지프,체로키
45,E200카브리올레,메르세데스-벤츠,E-클래스 쿠페
46,무쏘스포츠(SUT),쌍용,무쏘
47,E400쿠페,메르세데스-벤츠,E-클래스 쿠페
48,E400 쿠페,메르세데스-벤츠,E-클래스 쿠페
49,E200 카브리올레,메르세데스-벤츠,E-클래스 쿠페
50,제네시스,현대,제네시스
51,넥소,현대,넥쏘
52,쿠퍼,미니,쿠퍼
53,CC,폭스바겐,CC
54,마이바흐,메르세데스-벤츠,마이바흐
55,-,,
56,NEWSM6,르노삼성,더 뉴 SM6
57,ㅁㅇㄹㅁㄹ,,
58,트럭,,
59,BMW6시리즈,BMW,6 시리즈
60,sm5newimpression,르노삼성,SM5 뉴 임프레션
61,익스프로러밴,쉐보레,익스플로러밴
62,폭스바겐 -,폭스바겐,
63,BMW3시리즈,BMW,3 시리즈
64,HGHGHGH,,
65,FDFFF,,
66,undefined BOBOBOBO,,
67,HALEYCAR  ,,
68,헤일리차  ,Na,
69,undefined 333333,,
70,undefined 특수차량,,
71,undefined THE NEW MASTER,,
72,undefined undefined,,
73,IS,렉서스,IS
74,혼다 어큐라,아큐라,
75,스마트,스마트,
76,스카니아,스카니아,
77,크레인,,크레인
78,E63 amg,메르세데스-AMG,E63
79,마스터,르노,마스터
80,K3Koup,기아,K3 쿱
81,INFINITI M35,인피니티,M 시리즈
82,볼보 EC60E,볼보,EC60E
83,볼보EC60E,볼보,EC60E
84,미니,미니,
85,태풍전기차,,태풍전기차
86,SCANIA,스카니아,
87,V90CC,볼보,V90 크로스 컨트리
88,농업용트랙터M6-108,구보다,트랙터 M6
89,테슬라,테슬라,
90,마쯔다 2 (데미오) 2020년형,마쯔다,2 (데미오)
91,IMHUNGRY,,
92,시트로엥 DS 2016년형,시트로엥,DS
93,NeoSM3L38,르노삼성,SM3 네오(L38)
94,볼보 S,볼보,S 시리즈
95,볼보 S 2019년형,볼보,S 시리즈
96,Q 시리즈 2019년형,아우디,Q 시리즈
97,S ,볼보,S 시리즈
98,S,볼보,S 시리즈
99,H2,허머,H2
100,BMWMINI,BMW,미니
101,M550DX,BMW,M550DX
102,뉴프리랜더,랜드로버,뉴 프리랜더
103,사이언xB,사이언,XB
104,마히바흐,메르세데스-벤츠,마이바흐
105,540FH,볼보,540FH
106,인피니티 m37,인피니티,M37
107,IVECO ACIER 790,이베코,ACIER 790
108,마이브MI,KST,마이브 M1
109,ADFS,,
110,대우45인승버스전체썬팅,쉐보레/한국GM,버스
111,02포크레인,,포크레인
112,테슬 라,테슬라,
113,C35S5,동풍소콘,C35
114,랄라루ㅜㅜㅜㅜㅜ,,
115,피아트,피아트,
116,링컨시리즈,링컨,
117,Scion,사이언,
118,INFINITI EX35,인피니티,EX
119,파워텍,현대,
120,쿠퍼 (1열),미니,1열 쿠퍼
121,쿠퍼 (2열),미니,2열 쿠퍼
122,Q 시리즈,아우디,Q 시리즈
123,포투,스마트,포투
124,200,크라이슬러,200
125,S타입,재규어,S타입
126,IS250C 컨퍼터블,렉서스,IS250C 컨버터블
127,밴,,밴
128,아우디AllroadQurttro,아우디,A4 올로드 콰트로
129,인피니티m37,인피니티,M 시리즈
130,BMW MINI,미니,
