car,제조사,모델
싼타페TM,현대,싼타페
현대 쏘나타 DN8,현대,쏘나타
현대 팰리세이드,현대,팰리세이드
기아 K5 DL3,기아,K5
코나,현대,코나
기아 K5,기아,K5
기아 셀토스,기아,셀토스
티볼리,쌍용,티볼리
렉스턴스포츠,쌍용,렉스턴스포츠
제네시스 GV80,현대,제네시스
그랜저IG하이브리드,현대,그랜저
현대 쏘나타,현대,쏘나타
제네시스G70,현대,제네시스
현대 투싼,현대,투싼
그랜드스타렉스,현대,스타렉스
제네시스 G70,현대,제네시스
쉐보레/한국GM 트레일블레이저,쉐보레/한국GM,트레일블레이저
올뉴K7,기아,K7
르노삼성 XM3,르노삼성,XM3
현대 1열 포터,현대,
스포티지QL,기아,스포티지
K9,기아,K9
쏘나타 dn8,현대,쏘나타
쌍용 티볼리,쌍용,티볼리
현대 HEV 코나 OS,현대,코나
BMW 5 시리즈,BMW,5 시리즈
기아 모하비,기아,모하비
제네시스 G90 HI,현대,제네시스
현대 싼타페 DM,현대,싼타페
현대 싼타페TM,현대,싼타페
현대 쏘나타 YF,현대,쏘나타
기아 1열 봉고,기아,봉고
현대 그랜저IG,현대,그랜저
기아 EV 니로 DE,기아,니로
현대 쏘나타 dn8,현대,쏘나타
스포티지,기아,스포티지
QM3,르노삼성,QM3
아반떼MD,현대,아반떼
RAV4,토요타,RAV4
쌍용 렉스턴스포츠,쌍용,렉스턴스포츠
아반떼 MD,현대,아반떼
현대 제네시스,현대,제네시스
르노삼성 SM5,르노삼성,SM5
기아 더마스터 모하비 HM,기아,모하비
볼보 XC60,볼보,XC60
벤츠 CLS-클래스,벤츠,CLS-클래스
카니발하이리무진,기아,카니발
스포티지R,기아,스포티지
E220,벤츠,E220
현대 아반떼ad,현대,아반떼
New코란도,쌍용,코란도
현대 넥쏘,현대,넥쏘
현대 더뉴 아반떼 MD,현대,아반떼
현대 ix 투싼 LM,현대,투싼
올란도,쉐보레,올란도
르노삼성 SM3,르노삼성,SM3
현대 제네시스 DH,현대,제네시스
쉐보레/한국GM 트랙스,쉐보레/한국GM,트랙스
현대 아이오닉,현대,아이오닉
싼타페 DM,현대,싼타페
